id,airline,From,to,day,month,year,age,gender,reason,stay,transit,connection,wait
0,American Airlines,SJC,JFK,6,10,2020,73,unspecified,On vacation/Pleasure,Hotel,None,True,323
1,American Airlines,GDL,JFK,6,2,2018,21,unspecified,Back Home,Home,Public Transportation,False,0
2,Delta Airlines,GDL,JFK,16,1,2015,74,female,On vacation/Pleasure,Friend/Family,Public Transportation,False,0
3,Delta Airlines,PDX,LAX,5,7,2021,74,undisclosed,Business/Work,Hotel,Pickup,False,0
4,Volaris,LAX,PDX,9,4,2021,14,male,On vacation/Pleasure,Hotel,None,True,327
5,American Airlines,LAX,JFK,4,3,2016,54,male,Business/Work,Home,Public Transportation,False,0
6,Alaska,GDL,LAX,5,3,2021,25,undisclosed,Back Home,Home,Airport cab,False,0
7,Aeromexico,GDL,LAX,12,3,2018,33,undisclosed,On vacation/Pleasure,Hotel,Mobility as a service,False,0
8,Aeromexico,LAX,JFK,20,5,2015,32,unspecified,On vacation/Pleasure,Hotel,None,True,79
9,Volaris,JFK,LAX,29,8,2014,16,undisclosed,Back Home,Home,Pickup,False,0
10,Volaris,GDL,LAX,1,2,2015,64,female,Back Home,Home,Mobility as a service,False,0
11,Delta Airlines,GDL,PDX,28,4,2021,19,unspecified,Back Home,Home,Mobility as a service,False,0
12,Volaris,LAX,SJC,17,8,2016,38,male,Back Home,Home,Airport cab,False,0
13,Alaska,PDX,JFK,30,8,2016,76,undisclosed,Business/Work,Home,Own car,False,0
14,Delta Airlines,PDX,LAX,29,8,2022,58,undisclosed,Back Home,Home,Airport cab,False,0
15,Volaris,PDX,LAX,11,11,2014,86,undisclosed,Business/Work,Home,Car rental,False,0
16,Delta Airlines,JFK,LAX,11,8,2016,2,unspecified,Business/Work,Friend/Family,Public Transportation,False,0
17,Volaris,LAX,SJC,3,5,2018,16,undisclosed,Back Home,Home,Own car,False,0
18,Delta Airlines,SJC,JFK,9,12,2022,47,unspecified,Business/Work,Short-term homestay,None,True,247
19,Delta Airlines,LAX,SJC,27,3,2013,49,undisclosed,Back Home,Home,Public Transportation,False,0
20,American Airlines,LAX,PDX,29,5,2021,41,female,Back Home,Home,Public Transportation,False,0
21,Volaris,SJC,GDL,12,5,2015,72,male,Back Home,Home,Own car,False,0
22,Aeromexico,PDX,SJC,18,4,2017,37,male,Business/Work,Home,Public Transportation,False,0
23,Alaska,LAX,PDX,29,11,2017,26,unspecified,Business/Work,Short-term homestay,None,True,493
24,Volaris,GDL,JFK,27,6,2015,19,undisclosed,Business/Work,Hotel,None,True,679
25,Aeromexico,PDX,JFK,8,6,2013,11,undisclosed,Back Home,Home,Pickup,False,0
26,American Airlines,SJC,GDL,16,5,2013,36,male,On vacation/Pleasure,Short-term homestay,None,True,57
27,Volaris,GDL,PDX,1,2,2020,44,female,Business/Work,Friend/Family,None,True,104
28,Alaska,SJC,LAX,14,7,2017,2,unspecified,Back Home,Home,Own car,False,0
29,Alaska,JFK,SJC,25,8,2016,43,unspecified,Back Home,Home,Public Transportation,False,0
30,Alaska,JFK,GDL,2,4,2023,62,unspecified,On vacation/Pleasure,Friend/Family,None,True,347
31,American Airlines,JFK,PDX,26,6,2017,16,female,Business/Work,Short-term homestay,Own car,False,0
32,Volaris,GDL,JFK,12,6,2018,67,female,Back Home,Home,Pickup,False,0
33,Volaris,GDL,SJC,22,10,2020,22,female,On vacation/Pleasure,Friend/Family,Own car,False,0
34,Delta Airlines,SJC,JFK,16,12,2021,50,unspecified,Business/Work,Hotel,None,True,376
35,Volaris,SJC,PDX,25,6,2021,15,unspecified,On vacation/Pleasure,Short-term homestay,Mobility as a service,False,0
36,Alaska,JFK,LAX,18,1,2020,30,undisclosed,Back Home,Home,Public Transportation,False,0
37,Volaris,JFK,PDX,2,7,2017,48,unspecified,Business/Work,Short-term homestay,None,True,607
38,Delta Airlines,JFK,SJC,20,12,2016,74,male,Back Home,Home,Airport cab,False,0
39,Alaska,JFK,PDX,30,8,2013,86,unspecified,Business/Work,Friend/Family,Car rental,False,0
40,Delta Airlines,GDL,JFK,12,8,2020,77,undisclosed,Back Home,Home,Own car,False,0
41,American Airlines,LAX,PDX,9,12,2015,20,undisclosed,On vacation/Pleasure,Friend/Family,Car rental,False,0
42,Volaris,LAX,PDX,28,2,2022,47,undisclosed,Back Home,Home,Pickup,False,0
43,Delta Airlines,GDL,LAX,19,1,2021,89,undisclosed,Back Home,Home,Public Transportation,False,0
44,Aeromexico,PDX,LAX,21,3,2014,59,female,Business/Work,Hotel,Airport cab,False,0
45,Alaska,JFK,PDX,6,7,2015,88,unspecified,Business/Work,Hotel,Mobility as a service,False,0
46,American Airlines,JFK,SJC,20,8,2022,74,female,On vacation/Pleasure,Hotel,Airport cab,False,0
47,Delta Airlines,LAX,PDX,6,8,2014,17,unspecified,Back Home,Home,Own car,False,0
48,Alaska,GDL,JFK,28,6,2018,4,male,Business/Work,Home,Public Transportation,False,0
49,American Airlines,SJC,JFK,28,6,2013,13,female,On vacation/Pleasure,Home,Pickup,False,0
50,American Airlines,LAX,SJC,22,3,2013,49,unspecified,Back Home,Home,Public Transportation,False,0
51,Alaska,PDX,JFK,12,1,2022,21,undisclosed,On vacation/Pleasure,Hotel,Public Transportation,False,0
52,Delta Airlines,GDL,SJC,1,12,2016,64,unspecified,Business/Work,Home,Car rental,False,0
53,American Airlines,PDX,GDL,28,6,2021,36,female,On vacation/Pleasure,Home,Mobility as a service,False,0
54,American Airlines,JFK,GDL,1,1,2019,60,male,Back Home,Home,Mobility as a service,False,0
55,Aeromexico,LAX,GDL,15,8,2018,36,unspecified,On vacation/Pleasure,Hotel,None,True,375
56,American Airlines,PDX,GDL,11,12,2019,4,female,On vacation/Pleasure,Home,Own car,False,0
57,Delta Airlines,PDX,GDL,16,8,2020,71,female,On vacation/Pleasure,Hotel,None,True,578
58,Aeromexico,LAX,JFK,15,2,2019,42,male,On vacation/Pleasure,Home,Pickup,False,0
59,Aeromexico,GDL,LAX,28,7,2021,49,female,Back Home,Home,Car rental,False,0
60,Volaris,JFK,GDL,21,7,2020,65,male,On vacation/Pleasure,Short-term homestay,Car rental,False,0
61,Aeromexico,GDL,PDX,14,5,2015,68,female,Back Home,Home,Mobility as a service,False,0
62,Aeromexico,SJC,JFK,17,8,2017,55,undisclosed,Back Home,Home,Mobility as a service,False,0
63,American Airlines,JFK,PDX,20,4,2014,83,male,Back Home,Home,Car rental,False,0
64,Alaska,JFK,SJC,22,8,2018,14,male,Business/Work,Hotel,Own car,False,0
65,Alaska,LAX,GDL,4,12,2014,42,female,Business/Work,Hotel,None,True,287
66,Alaska,JFK,GDL,30,5,2018,45,unspecified,On vacation/Pleasure,Home,None,True,478
67,Aeromexico,PDX,JFK,31,5,2015,45,unspecified,Business/Work,Short-term homestay,Car rental,False,0
68,American Airlines,LAX,GDL,11,8,2013,73,female,On vacation/Pleasure,Friend/Family,None,True,459
69,Volaris,GDL,JFK,19,12,2014,19,undisclosed,Back Home,Home,Public Transportation,False,0
70,Delta Airlines,PDX,JFK,4,1,2014,21,female,On vacation/Pleasure,Home,Mobility as a service,False,0
71,Delta Airlines,PDX,SJC,11,2,2020,73,undisclosed,Business/Work,Short-term homestay,None,True,103
72,Aeromexico,LAX,GDL,21,2,2015,90,undisclosed,Business/Work,Hotel,None,True,622
73,Aeromexico,GDL,JFK,11,6,2021,69,undisclosed,Business/Work,Friend/Family,Pickup,False,0
74,Volaris,JFK,PDX,1,1,2014,17,undisclosed,Back Home,Home,Public Transportation,False,0
75,Volaris,JFK,PDX,22,2,2022,4,male,Business/Work,Home,Own car,False,0
76,American Airlines,LAX,SJC,19,11,2020,18,male,On vacation/Pleasure,Short-term homestay,Own car,False,0
77,Aeromexico,PDX,JFK,14,12,2019,24,undisclosed,On vacation/Pleasure,Short-term homestay,None,True,720
78,Aeromexico,PDX,GDL,16,2,2018,45,male,Back Home,Home,Pickup,False,0
79,American Airlines,SJC,LAX,9,7,2016,10,female,Back Home,Home,Own car,False,0
80,Aeromexico,SJC,PDX,11,2,2016,5,female,Business/Work,Friend/Family,None,True,82
81,Volaris,SJC,LAX,6,11,2017,18,undisclosed,On vacation/Pleasure,Short-term homestay,Own car,False,0
82,Volaris,SJC,PDX,30,10,2013,73,undisclosed,Back Home,Home,Airport cab,False,0
83,Aeromexico,GDL,JFK,10,11,2021,28,female,On vacation/Pleasure,Friend/Family,None,True,216
84,Delta Airlines,PDX,JFK,9,9,2016,69,male,On vacation/Pleasure,Hotel,None,True,50
85,American Airlines,SJC,GDL,15,6,2013,38,female,Business/Work,Friend/Family,None,True,672
86,Aeromexico,SJC,JFK,12,2,2020,49,undisclosed,Business/Work,Short-term homestay,Car rental,False,0
87,Delta Airlines,JFK,LAX,9,7,2022,8,female,Back Home,Home,Mobility as a service,False,0
88,American Airlines,GDL,LAX,23,10,2015,26,male,Business/Work,Friend/Family,None,True,310
89,Alaska,LAX,SJC,14,2,2020,42,male,On vacation/Pleasure,Home,None,True,386
90,Alaska,SJC,PDX,26,8,2017,84,female,Business/Work,Short-term homestay,Car rental,False,0
91,American Airlines,SJC,PDX,27,9,2017,46,male,On vacation/Pleasure,Hotel,Pickup,False,0
92,Delta Airlines,SJC,GDL,29,12,2021,49,female,Business/Work,Friend/Family,Pickup,False,0
93,Volaris,GDL,PDX,4,8,2017,51,male,On vacation/Pleasure,Home,Airport cab,False,0
94,American Airlines,JFK,SJC,22,7,2020,27,male,On vacation/Pleasure,Short-term homestay,Public Transportation,False,0
95,Alaska,LAX,GDL,25,11,2017,14,unspecified,Back Home,Home,Pickup,False,0
96,Delta Airlines,GDL,JFK,1,1,2022,75,male,Back Home,Home,Own car,False,0
97,Volaris,JFK,SJC,9,3,2021,36,undisclosed,Back Home,Home,Airport cab,False,0
98,Volaris,PDX,GDL,16,1,2016,42,unspecified,Back Home,Home,Own car,False,0
99,Delta Airlines,SJC,JFK,23,7,2021,51,male,Business/Work,Hotel,None,True,399
100,Aeromexico,JFK,GDL,21,3,2017,4,undisclosed,On vacation/Pleasure,Friend/Family,Pickup,False,0
101,American Airlines,PDX,GDL,3,12,2017,77,female,Business/Work,Short-term homestay,None,True,328
102,American Airlines,JFK,LAX,9,12,2021,37,male,On vacation/Pleasure,Home,Pickup,False,0
103,Delta Airlines,PDX,GDL,20,9,2022,41,male,Business/Work,Hotel,None,True,351
104,Delta Airlines,SJC,PDX,6,5,2017,22,unspecified,Back Home,Home,Pickup,False,0
105,Alaska,SJC,JFK,13,2,2022,89,female,Back Home,Home,Own car,False,0
106,American Airlines,JFK,PDX,18,4,2015,40,undisclosed,Business/Work,Friend/Family,None,True,507
107,Delta Airlines,LAX,JFK,14,2,2023,49,male,Back Home,Home,Mobility as a service,False,0
108,Delta Airlines,LAX,SJC,23,4,2023,48,female,Business/Work,Friend/Family,None,True,667
109,Delta Airlines,GDL,PDX,20,9,2015,57,female,Business/Work,Short-term homestay,Mobility as a service,False,0
110,Alaska,SJC,GDL,25,5,2016,88,undisclosed,Business/Work,Home,None,True,480
111,Delta Airlines,PDX,LAX,1,4,2022,55,undisclosed,Back Home,Home,Own car,False,0
112,Alaska,LAX,JFK,4,6,2014,60,unspecified,Business/Work,Friend/Family,Pickup,False,0
113,Alaska,LAX,PDX,5,8,2019,89,male,Business/Work,Friend/Family,Car rental,False,0
114,Alaska,JFK,PDX,26,5,2015,45,undisclosed,On vacation/Pleasure,Home,None,True,600
115,Aeromexico,SJC,PDX,12,12,2021,70,female,Business/Work,Hotel,Public Transportation,False,0
116,American Airlines,LAX,GDL,15,11,2019,45,male,On vacation/Pleasure,Short-term homestay,None,True,327
117,Aeromexico,PDX,LAX,19,6,2016,3,male,On vacation/Pleasure,Hotel,None,True,343
118,Volaris,JFK,GDL,28,1,2020,18,unspecified,Back Home,Home,Car rental,False,0
119,Volaris,LAX,JFK,26,5,2013,46,undisclosed,On vacation/Pleasure,Hotel,Public Transportation,False,0
120,American Airlines,LAX,GDL,6,6,2017,45,male,Business/Work,Short-term homestay,None,True,236
121,Volaris,SJC,PDX,8,5,2019,46,undisclosed,Back Home,Home,Own car,False,0
122,American Airlines,JFK,SJC,5,9,2019,65,female,On vacation/Pleasure,Short-term homestay,None,True,105
123,Volaris,GDL,PDX,12,10,2019,4,female,Back Home,Home,Car rental,False,0
124,Aeromexico,PDX,JFK,6,6,2021,60,female,On vacation/Pleasure,Short-term homestay,None,True,672
125,American Airlines,SJC,PDX,6,2,2021,90,unspecified,Business/Work,Friend/Family,None,True,63
126,Delta Airlines,JFK,SJC,18,3,2018,85,female,Back Home,Home,Pickup,False,0
127,Aeromexico,JFK,PDX,15,3,2014,85,undisclosed,Back Home,Home,Car rental,False,0
128,American Airlines,SJC,PDX,1,1,2014,4,unspecified,Back Home,Home,Pickup,False,0
129,Delta Airlines,SJC,GDL,25,11,2016,52,male,On vacation/Pleasure,Hotel,Own car,False,0
130,Delta Airlines,GDL,LAX,26,1,2020,87,female,Back Home,Home,Car rental,False,0
131,American Airlines,LAX,GDL,19,4,2023,36,female,On vacation/Pleasure,Short-term homestay,None,True,511
132,Alaska,GDL,SJC,6,12,2016,55,undisclosed,Back Home,Home,Pickup,False,0
133,Alaska,GDL,JFK,10,5,2018,72,undisclosed,Back Home,Home,Public Transportation,False,0
134,American Airlines,JFK,PDX,2,3,2021,81,undisclosed,On vacation/Pleasure,Short-term homestay,None,True,530
135,Volaris,PDX,LAX,14,8,2013,28,male,Back Home,Home,Mobility as a service,False,0
136,Alaska,PDX,JFK,24,2,2018,32,female,Back Home,Home,Own car,False,0
137,Volaris,PDX,GDL,13,9,2019,63,undisclosed,On vacation/Pleasure,Home,Car rental,False,0
138,Volaris,JFK,PDX,20,9,2013,9,female,Back Home,Home,Car rental,False,0
139,Volaris,SJC,JFK,22,10,2021,85,male,Back Home,Home,Car rental,False,0
140,Volaris,PDX,SJC,19,11,2018,8,undisclosed,Business/Work,Short-term homestay,None,True,154
141,Delta Airlines,JFK,SJC,28,12,2013,19,undisclosed,Back Home,Home,Mobility as a service,False,0
142,Volaris,SJC,PDX,7,11,2015,52,undisclosed,Back Home,Home,Own car,False,0
143,Alaska,SJC,GDL,25,8,2018,77,undisclosed,Business/Work,Short-term homestay,Mobility as a service,False,0
144,Aeromexico,PDX,GDL,26,11,2016,44,undisclosed,Back Home,Home,Airport cab,False,0
145,Delta Airlines,GDL,LAX,14,10,2021,22,male,Business/Work,Hotel,None,True,96
146,Aeromexico,SJC,JFK,9,3,2023,11,undisclosed,On vacation/Pleasure,Home,None,True,118
147,Aeromexico,SJC,LAX,3,11,2015,69,female,Back Home,Home,Own car,False,0
148,American Airlines,SJC,LAX,2,11,2016,42,male,Back Home,Home,Airport cab,False,0
149,Volaris,LAX,JFK,8,3,2014,82,undisclosed,Back Home,Home,Car rental,False,0
150,American Airlines,PDX,JFK,25,7,2022,8,undisclosed,Business/Work,Friend/Family,Car rental,False,0
151,Alaska,PDX,SJC,18,2,2016,25,undisclosed,Business/Work,Hotel,Car rental,False,0
152,Aeromexico,SJC,JFK,13,12,2017,25,female,Business/Work,Hotel,Car rental,False,0
153,Alaska,PDX,SJC,7,12,2022,34,female,Business/Work,Short-term homestay,Car rental,False,0
154,Alaska,SJC,PDX,12,12,2017,55,undisclosed,Business/Work,Hotel,Car rental,False,0
155,Volaris,SJC,PDX,25,4,2021,53,undisclosed,Back Home,Home,Car rental,False,0
156,Volaris,LAX,PDX,5,4,2014,5,unspecified,Business/Work,Home,None,True,568
157,Alaska,GDL,JFK,13,7,2021,52,male,On vacation/Pleasure,Hotel,None,True,644
158,Delta Airlines,JFK,GDL,24,8,2016,86,unspecified,Business/Work,Short-term homestay,Airport cab,False,0
159,Delta Airlines,JFK,PDX,23,9,2016,20,female,Back Home,Home,Mobility as a service,False,0
160,American Airlines,JFK,SJC,7,1,2014,86,male,Business/Work,Hotel,Pickup,False,0
161,Aeromexico,SJC,GDL,15,4,2014,60,unspecified,On vacation/Pleasure,Hotel,None,True,83
162,Aeromexico,LAX,PDX,5,8,2014,5,female,Business/Work,Hotel,Public Transportation,False,0
163,Volaris,LAX,JFK,18,10,2014,40,undisclosed,Back Home,Home,Public Transportation,False,0
164,Alaska,LAX,JFK,9,10,2013,3,male,Back Home,Home,Mobility as a service,False,0
165,American Airlines,GDL,PDX,1,12,2019,45,undisclosed,On vacation/Pleasure,Home,None,True,137
166,Volaris,LAX,SJC,23,4,2014,35,female,On vacation/Pleasure,Hotel,Pickup,False,0
167,Aeromexico,PDX,SJC,22,5,2014,6,undisclosed,Back Home,Home,Pickup,False,0
168,Delta Airlines,LAX,PDX,23,11,2017,87,undisclosed,On vacation/Pleasure,Home,None,True,126
169,Aeromexico,LAX,GDL,14,11,2019,79,unspecified,On vacation/Pleasure,Short-term homestay,None,True,519
170,Aeromexico,JFK,GDL,5,12,2017,52,male,Business/Work,Home,None,True,557
171,Aeromexico,PDX,JFK,23,12,2022,37,unspecified,Business/Work,Hotel,Public Transportation,False,0
172,Volaris,PDX,SJC,12,7,2020,13,female,Business/Work,Short-term homestay,None,True,699
173,American Airlines,LAX,SJC,14,1,2013,39,female,Business/Work,Friend/Family,None,True,269
174,Delta Airlines,GDL,SJC,2,7,2020,23,male,Business/Work,Friend/Family,None,True,194
175,Alaska,JFK,LAX,27,12,2016,36,unspecified,Back Home,Home,Mobility as a service,False,0
176,Aeromexico,SJC,LAX,4,12,2015,56,male,Business/Work,Friend/Family,Mobility as a service,False,0
177,Aeromexico,SJC,GDL,19,11,2013,35,female,Back Home,Home,Public Transportation,False,0
178,Alaska,GDL,JFK,27,5,2013,13,unspecified,On vacation/Pleasure,Short-term homestay,Mobility as a service,False,0
179,Volaris,PDX,SJC,8,5,2021,6,undisclosed,Back Home,Home,Car rental,False,0
180,Volaris,GDL,JFK,3,4,2018,1,unspecified,Business/Work,Home,None,True,350
181,Alaska,PDX,JFK,15,5,2015,69,unspecified,Back Home,Home,Airport cab,False,0
182,Alaska,PDX,LAX,25,12,2016,85,unspecified,Back Home,Home,Own car,False,0
183,Alaska,SJC,PDX,14,2,2014,61,unspecified,Back Home,Home,Public Transportation,False,0
184,Volaris,GDL,LAX,3,11,2016,72,female,Business/Work,Hotel,Mobility as a service,False,0
185,Alaska,SJC,JFK,15,11,2017,78,female,Business/Work,Short-term homestay,Pickup,False,0
186,American Airlines,GDL,PDX,19,2,2017,37,unspecified,Business/Work,Short-term homestay,None,True,504
187,Alaska,GDL,PDX,3,4,2019,20,male,On vacation/Pleasure,Home,Mobility as a service,False,0
188,Delta Airlines,LAX,SJC,10,6,2014,31,unspecified,On vacation/Pleasure,Hotel,None,True,341
189,Alaska,LAX,PDX,31,5,2019,49,female,Back Home,Home,Public Transportation,False,0
190,Alaska,PDX,JFK,20,3,2023,78,female,Back Home,Home,Public Transportation,False,0
191,American Airlines,LAX,JFK,8,12,2019,32,male,Back Home,Home,Car rental,False,0
192,Aeromexico,JFK,LAX,10,5,2013,32,male,On vacation/Pleasure,Friend/Family,Public Transportation,False,0
193,Delta Airlines,SJC,LAX,7,10,2014,56,undisclosed,On vacation/Pleasure,Short-term homestay,None,True,96
194,Volaris,LAX,SJC,13,12,2013,38,male,Back Home,Home,Airport cab,False,0
195,Aeromexico,LAX,JFK,18,3,2013,26,female,Back Home,Home,Own car,False,0
196,American Airlines,GDL,PDX,7,4,2020,34,unspecified,Business/Work,Short-term homestay,None,True,351
197,Volaris,GDL,JFK,5,4,2015,14,male,Business/Work,Friend/Family,Public Transportation,False,0
198,Alaska,GDL,PDX,10,4,2022,73,undisclosed,Back Home,Home,Mobility as a service,False,0
199,American Airlines,GDL,JFK,12,3,2023,28,unspecified,Business/Work,Short-term homestay,Mobility as a service,False,0
200,Volaris,SJC,JFK,7,9,2019,22,undisclosed,On vacation/Pleasure,Short-term homestay,None,True,381
201,Volaris,JFK,LAX,28,3,2020,36,undisclosed,On vacation/Pleasure,Hotel,Airport cab,False,0
202,American Airlines,SJC,LAX,23,11,2017,25,unspecified,On vacation/Pleasure,Short-term homestay,Mobility as a service,False,0
203,American Airlines,PDX,JFK,17,8,2013,83,undisclosed,Back Home,Home,Own car,False,0
204,American Airlines,GDL,LAX,22,4,2017,76,unspecified,On vacation/Pleasure,Short-term homestay,None,True,39
205,Delta Airlines,SJC,LAX,15,1,2018,41,male,Business/Work,Home,None,True,370
206,Delta Airlines,PDX,GDL,29,11,2022,3,female,Back Home,Home,Mobility as a service,False,0
207,Aeromexico,JFK,GDL,27,11,2020,68,unspecified,Back Home,Home,Car rental,False,0
208,Delta Airlines,JFK,LAX,10,1,2014,54,female,On vacation/Pleasure,Short-term homestay,None,True,494
209,American Airlines,SJC,PDX,18,10,2018,55,undisclosed,Back Home,Home,Pickup,False,0
210,Volaris,PDX,SJC,11,2,2022,73,unspecified,Back Home,Home,Pickup,False,0
211,Volaris,LAX,SJC,19,12,2020,81,unspecified,Business/Work,Short-term homestay,Public Transportation,False,0
212,Delta Airlines,SJC,GDL,8,7,2020,57,male,Business/Work,Friend/Family,None,True,56
213,Alaska,SJC,GDL,26,7,2019,21,female,Business/Work,Friend/Family,None,True,32
214,Alaska,LAX,GDL,23,7,2018,16,female,Back Home,Home,Public Transportation,False,0
215,Delta Airlines,SJC,GDL,25,7,2016,33,female,Back Home,Home,Pickup,False,0
216,Alaska,JFK,GDL,18,10,2014,35,female,Back Home,Home,Car rental,False,0
217,Delta Airlines,JFK,SJC,11,6,2021,21,undisclosed,Business/Work,Friend/Family,Pickup,False,0
218,Delta Airlines,GDL,SJC,18,6,2017,53,male,Business/Work,Hotel,Car rental,False,0
219,Volaris,JFK,PDX,31,3,2015,75,unspecified,Back Home,Home,Airport cab,False,0
220,American Airlines,JFK,SJC,12,7,2020,49,male,Business/Work,Hotel,Public Transportation,False,0
221,American Airlines,LAX,JFK,18,5,2017,75,unspecified,Business/Work,Home,Mobility as a service,False,0
222,Aeromexico,JFK,GDL,22,11,2018,22,male,Business/Work,Hotel,Public Transportation,False,0
223,Aeromexico,LAX,PDX,4,11,2015,60,undisclosed,Back Home,Home,Airport cab,False,0
224,Alaska,JFK,LAX,2,3,2014,46,undisclosed,Back Home,Home,Airport cab,False,0
225,Delta Airlines,PDX,GDL,9,6,2021,14,unspecified,Business/Work,Friend/Family,None,True,431
226,Delta Airlines,LAX,JFK,18,7,2018,31,male,Business/Work,Friend/Family,None,True,250
227,Aeromexico,LAX,GDL,27,8,2018,52,undisclosed,Back Home,Home,Public Transportation,False,0
228,Aeromexico,PDX,GDL,26,5,2017,13,undisclosed,Back Home,Home,Public Transportation,False,0
229,Delta Airlines,SJC,PDX,13,8,2020,16,unspecified,On vacation/Pleasure,Home,None,True,635
230,Volaris,SJC,GDL,16,7,2022,40,male,Back Home,Home,Car rental,False,0
231,Alaska,GDL,SJC,3,2,2022,67,undisclosed,On vacation/Pleasure,Friend/Family,None,True,548
232,Volaris,JFK,LAX,22,4,2019,4,undisclosed,Business/Work,Friend/Family,None,True,468
233,Alaska,LAX,SJC,27,4,2022,47,female,Business/Work,Short-term homestay,None,True,695
234,Volaris,GDL,PDX,20,8,2016,19,female,Business/Work,Friend/Family,None,True,164
235,Alaska,SJC,GDL,23,5,2013,2,undisclosed,On vacation/Pleasure,Friend/Family,None,True,481
236,American Airlines,GDL,PDX,5,2,2017,52,female,Business/Work,Friend/Family,Mobility as a service,False,0
237,Delta Airlines,JFK,SJC,15,9,2022,41,undisclosed,Business/Work,Friend/Family,None,True,59
238,American Airlines,SJC,GDL,13,8,2020,69,male,Business/Work,Friend/Family,Own car,False,0
239,Alaska,JFK,GDL,12,7,2022,85,unspecified,Business/Work,Home,None,True,598
240,Aeromexico,SJC,GDL,23,2,2015,10,unspecified,Back Home,Home,Airport cab,False,0
241,Volaris,PDX,GDL,7,10,2021,90,female,Business/Work,Home,None,True,503
242,American Airlines,JFK,SJC,9,9,2014,65,unspecified,On vacation/Pleasure,Friend/Family,None,True,662
243,Delta Airlines,JFK,GDL,31,12,2016,65,undisclosed,On vacation/Pleasure,Friend/Family,None,True,138
244,Alaska,GDL,SJC,22,10,2013,77,male,On vacation/Pleasure,Home,None,True,323
245,American Airlines,SJC,JFK,18,8,2019,80,unspecified,Business/Work,Home,None,True,407
246,Delta Airlines,PDX,JFK,1,5,2018,1,male,On vacation/Pleasure,Friend/Family,Airport cab,False,0
247,Delta Airlines,SJC,GDL,11,10,2017,63,undisclosed,Back Home,Home,Public Transportation,False,0
248,American Airlines,LAX,GDL,15,10,2019,35,unspecified,Business/Work,Short-term homestay,Car rental,False,0
249,Delta Airlines,PDX,JFK,27,9,2022,81,female,Back Home,Home,Own car,False,0
250,Aeromexico,SJC,PDX,9,3,2014,10,male,Back Home,Home,Car rental,False,0
251,American Airlines,GDL,SJC,3,9,2020,40,unspecified,On vacation/Pleasure,Home,None,True,702
252,Alaska,LAX,SJC,25,11,2022,13,male,Business/Work,Hotel,None,True,359
253,Volaris,SJC,PDX,10,10,2021,7,male,Business/Work,Friend/Family,None,True,600
254,Aeromexico,LAX,JFK,26,5,2018,90,female,Business/Work,Friend/Family,None,True,487
255,Aeromexico,LAX,GDL,17,2,2023,79,male,On vacation/Pleasure,Home,None,True,246
256,Delta Airlines,GDL,LAX,1,9,2015,43,female,Back Home,Home,Airport cab,False,0
257,Volaris,GDL,LAX,22,10,2021,75,undisclosed,On vacation/Pleasure,Home,Public Transportation,False,0
258,Volaris,SJC,PDX,18,11,2019,74,unspecified,Business/Work,Home,None,True,376
259,Volaris,SJC,JFK,23,10,2018,19,undisclosed,On vacation/Pleasure,Friend/Family,Airport cab,False,0
260,American Airlines,SJC,PDX,8,1,2019,48,female,On vacation/Pleasure,Short-term homestay,Mobility as a service,False,0
261,Alaska,JFK,PDX,27,10,2021,47,undisclosed,Business/Work,Short-term homestay,None,True,254
262,Aeromexico,GDL,PDX,10,2,2020,52,male,Business/Work,Hotel,None,True,551
263,Volaris,PDX,GDL,20,1,2018,19,unspecified,Business/Work,Short-term homestay,None,True,709
264,American Airlines,PDX,JFK,26,7,2017,78,undisclosed,Back Home,Home,Public Transportation,False,0
265,Alaska,SJC,JFK,26,3,2014,41,female,On vacation/Pleasure,Friend/Family,None,True,268
266,Alaska,PDX,LAX,7,7,2021,83,female,On vacation/Pleasure,Home,Car rental,False,0
267,Volaris,PDX,GDL,31,7,2020,17,female,Business/Work,Short-term homestay,Airport cab,False,0
268,Aeromexico,PDX,GDL,20,4,2018,50,male,Business/Work,Short-term homestay,None,True,614
269,Alaska,JFK,SJC,8,9,2019,79,undisclosed,Back Home,Home,Own car,False,0
270,Volaris,GDL,JFK,15,6,2021,47,unspecified,On vacation/Pleasure,Short-term homestay,None,True,266
271,Delta Airlines,JFK,GDL,3,11,2016,43,male,Back Home,Home,Car rental,False,0
272,American Airlines,JFK,SJC,4,1,2021,38,female,On vacation/Pleasure,Home,Public Transportation,False,0
273,Delta Airlines,SJC,LAX,9,4,2015,77,unspecified,On vacation/Pleasure,Friend/Family,Car rental,False,0
274,Alaska,PDX,GDL,31,12,2018,57,female,Back Home,Home,Car rental,False,0
275,Delta Airlines,JFK,LAX,16,12,2017,88,male,On vacation/Pleasure,Friend/Family,Pickup,False,0
276,American Airlines,LAX,GDL,17,4,2015,66,undisclosed,Business/Work,Short-term homestay,None,True,641
277,Aeromexico,LAX,SJC,15,9,2021,71,undisclosed,On vacation/Pleasure,Short-term homestay,None,True,105
278,American Airlines,SJC,GDL,18,7,2022,47,undisclosed,On vacation/Pleasure,Friend/Family,None,True,465
279,American Airlines,LAX,PDX,24,10,2021,16,unspecified,Business/Work,Short-term homestay,None,True,657
280,American Airlines,JFK,GDL,20,2,2017,23,undisclosed,On vacation/Pleasure,Hotel,None,True,173
281,Delta Airlines,GDL,LAX,2,5,2015,55,unspecified,Back Home,Home,Car rental,False,0
282,Alaska,GDL,JFK,16,7,2020,31,undisclosed,Back Home,Home,Mobility as a service,False,0
283,American Airlines,JFK,LAX,20,2,2017,54,male,On vacation/Pleasure,Hotel,None,True,74
284,Volaris,JFK,GDL,17,3,2015,16,male,Back Home,Home,Pickup,False,0
285,Aeromexico,LAX,SJC,19,10,2013,84,male,On vacation/Pleasure,Home,Public Transportation,False,0
286,Aeromexico,LAX,PDX,14,9,2017,24,male,On vacation/Pleasure,Hotel,Own car,False,0
287,Volaris,JFK,PDX,4,4,2017,51,unspecified,Business/Work,Friend/Family,None,True,285
288,Alaska,LAX,GDL,9,12,2014,76,female,Back Home,Home,Own car,False,0
289,Alaska,SJC,PDX,25,4,2020,59,unspecified,On vacation/Pleasure,Home,Mobility as a service,False,0
290,Delta Airlines,PDX,JFK,20,3,2021,21,male,On vacation/Pleasure,Hotel,Own car,False,0
291,Alaska,LAX,GDL,3,5,2021,64,female,On vacation/Pleasure,Short-term homestay,Mobility as a service,False,0
292,Aeromexico,JFK,LAX,2,1,2019,51,undisclosed,Back Home,Home,Public Transportation,False,0
293,Delta Airlines,SJC,JFK,29,12,2020,27,unspecified,Back Home,Home,Public Transportation,False,0
294,American Airlines,PDX,SJC,25,6,2014,47,unspecified,On vacation/Pleasure,Hotel,Pickup,False,0
295,American Airlines,PDX,LAX,12,9,2016,61,male,On vacation/Pleasure,Short-term homestay,Pickup,False,0
296,Delta Airlines,LAX,PDX,20,1,2021,11,female,On vacation/Pleasure,Friend/Family,Car rental,False,0
297,American Airlines,SJC,PDX,25,11,2020,84,unspecified,On vacation/Pleasure,Hotel,None,True,639
298,Volaris,LAX,GDL,31,1,2018,18,unspecified,Back Home,Home,Mobility as a service,False,0
299,American Airlines,SJC,JFK,21,4,2013,37,unspecified,Back Home,Home,Public Transportation,False,0
300,American Airlines,PDX,GDL,7,10,2017,52,undisclosed,Business/Work,Short-term homestay,Car rental,False,0
301,Alaska,JFK,PDX,3,11,2016,70,male,On vacation/Pleasure,Hotel,None,True,635
302,Volaris,SJC,PDX,5,1,2022,8,female,Back Home,Home,Pickup,False,0
303,Alaska,PDX,LAX,3,4,2016,13,undisclosed,Business/Work,Short-term homestay,Mobility as a service,False,0
304,Delta Airlines,GDL,SJC,19,12,2016,78,male,Back Home,Home,Mobility as a service,False,0
305,Volaris,PDX,GDL,4,9,2014,3,female,Business/Work,Hotel,None,True,482
306,Alaska,JFK,SJC,16,1,2021,81,male,On vacation/Pleasure,Home,None,True,706
307,Alaska,SJC,GDL,7,1,2014,50,undisclosed,Back Home,Home,Pickup,False,0
308,American Airlines,JFK,LAX,1,7,2019,61,undisclosed,Back Home,Home,Own car,False,0
309,Alaska,LAX,GDL,17,8,2019,47,female,Business/Work,Hotel,None,True,626
310,Volaris,LAX,PDX,29,4,2022,31,female,On vacation/Pleasure,Friend/Family,None,True,284
311,Volaris,PDX,LAX,26,10,2022,53,unspecified,Back Home,Home,Own car,False,0
312,Alaska,JFK,PDX,2,2,2014,5,male,On vacation/Pleasure,Hotel,Airport cab,False,0
313,American Airlines,GDL,PDX,16,3,2015,17,female,On vacation/Pleasure,Home,None,True,701
314,Delta Airlines,SJC,LAX,8,6,2019,46,undisclosed,Business/Work,Hotel,None,True,449
315,American Airlines,GDL,JFK,3,7,2022,15,undisclosed,Business/Work,Friend/Family,None,True,57
316,Aeromexico,PDX,SJC,28,12,2016,38,undisclosed,Business/Work,Home,Mobility as a service,False,0
317,American Airlines,SJC,JFK,7,3,2023,76,male,Back Home,Home,Own car,False,0
318,Alaska,PDX,LAX,23,12,2017,82,female,Business/Work,Friend/Family,Public Transportation,False,0
319,Delta Airlines,GDL,LAX,30,8,2020,86,undisclosed,Back Home,Home,Mobility as a service,False,0
320,American Airlines,LAX,GDL,10,8,2019,51,female,Business/Work,Short-term homestay,Public Transportation,False,0
321,Volaris,JFK,PDX,17,4,2017,79,female,On vacation/Pleasure,Short-term homestay,None,True,377
322,Aeromexico,GDL,PDX,28,9,2014,11,female,On vacation/Pleasure,Friend/Family,Pickup,False,0
323,American Airlines,JFK,SJC,19,8,2018,58,female,Back Home,Home,Airport cab,False,0
324,Aeromexico,LAX,PDX,14,1,2014,6,unspecified,Business/Work,Home,None,True,80
325,Aeromexico,PDX,JFK,15,12,2015,73,male,On vacation/Pleasure,Short-term homestay,Car rental,False,0
326,Alaska,GDL,LAX,28,5,2017,6,female,On vacation/Pleasure,Home,None,True,205
327,Alaska,PDX,SJC,10,6,2017,74,undisclosed,On vacation/Pleasure,Hotel,None,True,112
328,Alaska,GDL,PDX,9,10,2018,73,male,Business/Work,Home,Public Transportation,False,0
329,Delta Airlines,JFK,SJC,11,3,2015,62,undisclosed,Business/Work,Short-term homestay,None,True,177
330,Volaris,PDX,GDL,14,2,2022,61,male,On vacation/Pleasure,Home,Car rental,False,0
331,Volaris,LAX,JFK,1,2,2017,38,male,Business/Work,Short-term homestay,None,True,643
332,Aeromexico,GDL,LAX,10,4,2020,86,undisclosed,Back Home,Home,Own car,False,0
333,American Airlines,JFK,SJC,5,12,2013,2,female,Back Home,Home,Pickup,False,0
334,Aeromexico,JFK,GDL,14,8,2013,51,male,Back Home,Home,Airport cab,False,0
335,Delta Airlines,LAX,SJC,22,10,2018,89,unspecified,On vacation/Pleasure,Home,Car rental,False,0
336,American Airlines,GDL,LAX,8,3,2020,75,unspecified,Business/Work,Friend/Family,Own car,False,0
337,Aeromexico,LAX,GDL,24,2,2022,27,unspecified,Business/Work,Home,None,True,676
338,American Airlines,GDL,JFK,20,8,2014,51,male,On vacation/Pleasure,Home,Airport cab,False,0
339,Volaris,LAX,GDL,2,10,2014,47,male,Back Home,Home,Pickup,False,0
340,Delta Airlines,JFK,PDX,28,10,2016,6,unspecified,Back Home,Home,Mobility as a service,False,0
341,American Airlines,GDL,PDX,12,7,2015,37,male,Back Home,Home,Pickup,False,0
342,Alaska,JFK,GDL,7,4,2018,58,unspecified,Back Home,Home,Pickup,False,0
343,Volaris,LAX,GDL,20,5,2019,17,undisclosed,Business/Work,Friend/Family,Airport cab,False,0
344,Delta Airlines,JFK,GDL,16,4,2019,87,undisclosed,Business/Work,Friend/Family,None,True,566
345,American Airlines,SJC,PDX,6,3,2016,54,male,Back Home,Home,Car rental,False,0
346,American Airlines,GDL,SJC,9,7,2020,86,male,On vacation/Pleasure,Home,Public Transportation,False,0
347,American Airlines,PDX,GDL,27,11,2021,31,undisclosed,Back Home,Home,Own car,False,0
348,Alaska,PDX,JFK,28,9,2015,44,male,Business/Work,Short-term homestay,Airport cab,False,0
349,Alaska,SJC,GDL,15,10,2020,84,male,On vacation/Pleasure,Short-term homestay,None,True,413
350,Volaris,GDL,LAX,22,10,2018,9,undisclosed,Business/Work,Hotel,None,True,532
351,Aeromexico,GDL,JFK,2,3,2018,34,unspecified,Business/Work,Friend/Family,None,True,572
352,Alaska,SJC,JFK,30,1,2022,50,undisclosed,Business/Work,Hotel,None,True,49
353,Aeromexico,PDX,JFK,13,9,2017,67,undisclosed,Back Home,Home,Car rental,False,0
354,Alaska,GDL,SJC,24,11,2020,31,male,On vacation/Pleasure,Hotel,Car rental,False,0
355,Alaska,JFK,LAX,23,6,2019,76,male,Business/Work,Home,None,True,482
356,Alaska,GDL,LAX,29,4,2013,62,unspecified,Back Home,Home,Public Transportation,False,0
357,American Airlines,GDL,PDX,19,9,2018,81,unspecified,Back Home,Home,Airport cab,False,0
358,Delta Airlines,SJC,LAX,19,12,2022,47,undisclosed,Business/Work,Friend/Family,Mobility as a service,False,0
359,Aeromexico,JFK,PDX,8,8,2020,10,unspecified,Business/Work,Home,Airport cab,False,0
360,American Airlines,JFK,SJC,23,3,2013,3,unspecified,Business/Work,Hotel,Public Transportation,False,0
361,American Airlines,JFK,GDL,18,9,2014,16,undisclosed,Business/Work,Hotel,Mobility as a service,False,0
362,Volaris,SJC,JFK,18,3,2018,3,unspecified,On vacation/Pleasure,Friend/Family,None,True,482
363,Alaska,GDL,SJC,28,8,2013,85,undisclosed,Back Home,Home,Public Transportation,False,0
364,Alaska,PDX,JFK,23,11,2014,25,male,On vacation/Pleasure,Home,None,True,672
365,Alaska,PDX,JFK,24,4,2020,51,female,On vacation/Pleasure,Home,Car rental,False,0
366,American Airlines,LAX,JFK,21,8,2013,65,unspecified,Business/Work,Hotel,Airport cab,False,0
367,American Airlines,SJC,GDL,8,8,2013,1,undisclosed,Back Home,Home,Own car,False,0
368,American Airlines,GDL,SJC,12,11,2016,32,female,On vacation/Pleasure,Short-term homestay,Mobility as a service,False,0
369,Volaris,SJC,JFK,29,11,2013,70,female,Business/Work,Short-term homestay,Car rental,False,0
370,Aeromexico,SJC,GDL,17,6,2017,83,female,Business/Work,Home,Own car,False,0
371,Volaris,SJC,PDX,4,3,2018,62,unspecified,Business/Work,Short-term homestay,None,True,526
372,Alaska,JFK,PDX,29,7,2014,37,female,Business/Work,Friend/Family,None,True,606
373,Volaris,JFK,SJC,18,10,2019,69,female,Back Home,Home,Car rental,False,0
374,Delta Airlines,GDL,PDX,25,2,2023,61,undisclosed,Back Home,Home,Airport cab,False,0
375,American Airlines,JFK,SJC,29,8,2021,34,unspecified,Business/Work,Short-term homestay,None,True,34
376,Alaska,JFK,SJC,6,1,2017,12,undisclosed,Business/Work,Friend/Family,None,True,261
377,Alaska,GDL,JFK,10,3,2022,33,male,On vacation/Pleasure,Hotel,Airport cab,False,0
378,American Airlines,JFK,SJC,27,8,2019,70,undisclosed,On vacation/Pleasure,Home,None,True,469
379,Aeromexico,SJC,LAX,27,2,2017,77,undisclosed,Business/Work,Home,Airport cab,False,0
380,Volaris,SJC,LAX,12,3,2015,52,female,Business/Work,Hotel,Airport cab,False,0
381,Alaska,JFK,SJC,3,3,2019,87,female,On vacation/Pleasure,Hotel,None,True,213
382,Aeromexico,PDX,GDL,28,7,2016,15,female,On vacation/Pleasure,Short-term homestay,None,True,40
383,Delta Airlines,SJC,LAX,3,6,2022,86,female,On vacation/Pleasure,Friend/Family,None,True,139
384,Aeromexico,SJC,GDL,26,5,2013,7,female,On vacation/Pleasure,Short-term homestay,None,True,448
385,Delta Airlines,JFK,SJC,12,10,2018,51,unspecified,Back Home,Home,Pickup,False,0
386,Delta Airlines,JFK,PDX,27,5,2013,47,unspecified,Business/Work,Home,Own car,False,0
387,Volaris,SJC,PDX,23,9,2016,54,unspecified,Back Home,Home,Mobility as a service,False,0
388,Volaris,JFK,SJC,10,11,2020,22,undisclosed,On vacation/Pleasure,Friend/Family,Public Transportation,False,0
389,Alaska,PDX,LAX,31,7,2014,22,female,Back Home,Home,Mobility as a service,False,0
390,Alaska,LAX,JFK,19,2,2017,82,unspecified,Back Home,Home,Pickup,False,0
391,Alaska,PDX,JFK,26,5,2018,41,female,Back Home,Home,Airport cab,False,0
392,Delta Airlines,PDX,GDL,16,2,2021,8,male,On vacation/Pleasure,Hotel,None,True,589
393,American Airlines,GDL,LAX,14,1,2021,38,undisclosed,On vacation/Pleasure,Short-term homestay,None,True,327
394,Aeromexico,GDL,JFK,21,7,2020,75,male,On vacation/Pleasure,Home,None,True,308
395,Aeromexico,PDX,GDL,9,8,2016,15,female,Business/Work,Home,None,True,301
396,Delta Airlines,JFK,LAX,23,3,2018,39,unspecified,On vacation/Pleasure,Short-term homestay,Pickup,False,0
397,Delta Airlines,LAX,JFK,26,5,2022,40,unspecified,Back Home,Home,Public Transportation,False,0
398,Alaska,JFK,LAX,4,6,2013,77,female,On vacation/Pleasure,Home,Own car,False,0
399,American Airlines,PDX,LAX,9,11,2018,79,unspecified,Business/Work,Home,Own car,False,0
400,American Airlines,PDX,LAX,7,11,2018,63,male,Business/Work,Short-term homestay,Car rental,False,0
401,American Airlines,PDX,LAX,23,1,2019,66,undisclosed,Business/Work,Short-term homestay,Public Transportation,False,0
402,Volaris,LAX,JFK,11,9,2022,67,male,Business/Work,Home,None,True,546
403,Volaris,SJC,GDL,21,1,2018,45,female,Back Home,Home,Car rental,False,0
404,Delta Airlines,JFK,GDL,19,6,2022,72,undisclosed,Back Home,Home,Public Transportation,False,0
405,Aeromexico,JFK,PDX,27,5,2014,28,undisclosed,Business/Work,Friend/Family,None,True,445
406,Volaris,PDX,JFK,31,3,2017,83,unspecified,On vacation/Pleasure,Home,Own car,False,0
407,Aeromexico,GDL,LAX,13,8,2022,27,unspecified,Back Home,Home,Public Transportation,False,0
408,Alaska,GDL,LAX,22,10,2017,31,male,On vacation/Pleasure,Hotel,None,True,570
409,Delta Airlines,GDL,SJC,13,4,2019,67,male,Back Home,Home,Pickup,False,0
410,Alaska,LAX,GDL,11,4,2018,59,female,On vacation/Pleasure,Home,Car rental,False,0
411,Alaska,JFK,GDL,7,5,2020,17,female,Back Home,Home,Car rental,False,0
412,Delta Airlines,GDL,LAX,1,6,2021,64,unspecified,Business/Work,Home,None,True,480
413,Aeromexico,JFK,GDL,7,1,2020,10,male,On vacation/Pleasure,Short-term homestay,None,True,234
414,Volaris,GDL,LAX,20,4,2020,78,male,Business/Work,Friend/Family,Public Transportation,False,0
415,Volaris,JFK,PDX,12,2,2018,60,undisclosed,Back Home,Home,Car rental,False,0
416,Aeromexico,PDX,GDL,9,12,2013,18,unspecified,Business/Work,Home,Own car,False,0
417,Aeromexico,GDL,SJC,16,12,2019,43,unspecified,Business/Work,Hotel,None,True,532
418,Delta Airlines,LAX,SJC,4,8,2013,14,female,On vacation/Pleasure,Short-term homestay,Airport cab,False,0
419,Volaris,PDX,GDL,27,8,2019,54,male,Back Home,Home,Own car,False,0
420,American Airlines,JFK,SJC,11,12,2013,53,male,On vacation/Pleasure,Home,None,True,269
421,Alaska,LAX,GDL,12,11,2019,85,female,Business/Work,Friend/Family,Airport cab,False,0
422,Aeromexico,SJC,JFK,11,9,2016,21,male,On vacation/Pleasure,Friend/Family,None,True,719
423,Volaris,JFK,SJC,10,2,2019,83,unspecified,On vacation/Pleasure,Hotel,Pickup,False,0
424,American Airlines,LAX,GDL,26,1,2013,36,undisclosed,On vacation/Pleasure,Home,Mobility as a service,False,0
425,Alaska,PDX,GDL,6,10,2022,29,unspecified,Business/Work,Home,None,True,225
426,Volaris,JFK,LAX,28,12,2022,64,male,On vacation/Pleasure,Hotel,None,True,322
427,Alaska,GDL,JFK,5,3,2019,36,male,Business/Work,Friend/Family,None,True,624
428,Delta Airlines,SJC,JFK,22,10,2013,58,undisclosed,Business/Work,Friend/Family,Airport cab,False,0
429,American Airlines,SJC,PDX,9,5,2016,61,undisclosed,Business/Work,Short-term homestay,None,True,332
430,Alaska,GDL,JFK,3,6,2021,17,unspecified,On vacation/Pleasure,Short-term homestay,Public Transportation,False,0
431,Aeromexico,LAX,GDL,12,10,2020,12,unspecified,On vacation/Pleasure,Hotel,None,True,520
432,Alaska,SJC,JFK,1,12,2020,76,male,Back Home,Home,Public Transportation,False,0
433,Alaska,LAX,JFK,7,6,2021,49,male,On vacation/Pleasure,Short-term homestay,None,True,71
434,American Airlines,LAX,PDX,5,12,2015,51,unspecified,Back Home,Home,Car rental,False,0
435,Alaska,LAX,JFK,22,5,2020,6,male,Back Home,Home,Car rental,False,0
436,Alaska,JFK,SJC,19,1,2014,30,undisclosed,On vacation/Pleasure,Home,Public Transportation,False,0
437,Alaska,PDX,JFK,3,8,2016,59,male,Back Home,Home,Car rental,False,0
438,American Airlines,JFK,PDX,29,10,2018,77,unspecified,On vacation/Pleasure,Friend/Family,None,True,635
439,American Airlines,GDL,PDX,6,10,2017,61,male,Back Home,Home,Own car,False,0
440,Alaska,LAX,JFK,30,8,2015,5,undisclosed,Business/Work,Home,None,True,219
441,Alaska,SJC,GDL,3,12,2022,70,undisclosed,Back Home,Home,Airport cab,False,0
442,Volaris,LAX,JFK,20,9,2016,23,female,Back Home,Home,Public Transportation,False,0
443,Aeromexico,SJC,GDL,7,5,2015,80,female,Business/Work,Short-term homestay,None,True,63
444,Aeromexico,LAX,GDL,17,7,2014,26,male,On vacation/Pleasure,Home,None,True,350
445,Aeromexico,PDX,SJC,23,4,2022,71,unspecified,Back Home,Home,Own car,False,0
446,Alaska,PDX,GDL,5,9,2019,64,male,Business/Work,Short-term homestay,Mobility as a service,False,0
447,Alaska,PDX,GDL,10,12,2013,77,unspecified,Back Home,Home,Airport cab,False,0
448,Volaris,GDL,JFK,29,4,2019,41,undisclosed,On vacation/Pleasure,Hotel,None,True,344
449,Aeromexico,JFK,GDL,27,4,2013,9,unspecified,Back Home,Home,Public Transportation,False,0
450,American Airlines,PDX,JFK,3,8,2017,37,unspecified,Business/Work,Friend/Family,None,True,298
451,American Airlines,LAX,SJC,13,12,2018,16,unspecified,Back Home,Home,Pickup,False,0
452,Alaska,JFK,SJC,21,2,2020,18,male,Back Home,Home,Own car,False,0
453,American Airlines,PDX,SJC,20,8,2016,4,unspecified,Business/Work,Hotel,None,True,695
454,Aeromexico,JFK,SJC,15,12,2017,81,undisclosed,Business/Work,Short-term homestay,Car rental,False,0
455,American Airlines,SJC,LAX,17,5,2020,12,undisclosed,Back Home,Home,Airport cab,False,0
456,Delta Airlines,PDX,JFK,9,12,2018,85,female,Back Home,Home,Mobility as a service,False,0
457,American Airlines,LAX,PDX,18,8,2017,17,unspecified,Business/Work,Friend/Family,Airport cab,False,0
458,Delta Airlines,LAX,SJC,7,5,2019,7,undisclosed,Business/Work,Hotel,None,True,44
459,Aeromexico,SJC,GDL,18,7,2015,84,male,Back Home,Home,Mobility as a service,False,0
460,Volaris,LAX,JFK,16,1,2020,39,male,Back Home,Home,Mobility as a service,False,0
461,Aeromexico,LAX,GDL,13,12,2013,54,unspecified,On vacation/Pleasure,Short-term homestay,Mobility as a service,False,0
462,Alaska,SJC,LAX,30,11,2019,16,female,Business/Work,Short-term homestay,None,True,712
463,Volaris,GDL,PDX,9,6,2017,70,undisclosed,Back Home,Home,Mobility as a service,False,0
464,Delta Airlines,SJC,GDL,9,11,2015,87,undisclosed,Back Home,Home,Own car,False,0
465,Aeromexico,PDX,LAX,31,12,2017,85,unspecified,On vacation/Pleasure,Short-term homestay,None,True,707
466,Alaska,GDL,PDX,5,3,2017,47,female,Back Home,Home,Airport cab,False,0
467,Delta Airlines,GDL,JFK,26,12,2014,44,unspecified,Business/Work,Short-term homestay,Public Transportation,False,0
468,Aeromexico,JFK,GDL,10,5,2020,54,unspecified,Business/Work,Short-term homestay,Car rental,False,0
469,American Airlines,PDX,SJC,16,12,2013,51,male,Business/Work,Home,None,True,450
470,Aeromexico,GDL,SJC,22,9,2022,29,unspecified,On vacation/Pleasure,Friend/Family,Public Transportation,False,0
471,American Airlines,PDX,SJC,8,10,2020,7,male,Business/Work,Short-term homestay,None,True,293
472,Aeromexico,PDX,LAX,9,12,2021,84,male,Back Home,Home,Public Transportation,False,0
473,Aeromexico,LAX,JFK,15,9,2020,44,undisclosed,On vacation/Pleasure,Friend/Family,None,True,435
474,Aeromexico,SJC,JFK,25,4,2022,61,male,Back Home,Home,Car rental,False,0
475,American Airlines,PDX,SJC,3,11,2017,84,female,Back Home,Home,Public Transportation,False,0
476,Aeromexico,GDL,PDX,28,1,2016,18,female,On vacation/Pleasure,Home,None,True,640
477,Aeromexico,SJC,GDL,8,12,2016,4,unspecified,Back Home,Home,Public Transportation,False,0
478,American Airlines,SJC,PDX,7,10,2013,88,female,On vacation/Pleasure,Hotel,Airport cab,False,0
479,Delta Airlines,GDL,LAX,2,4,2019,29,female,Business/Work,Friend/Family,None,True,670
480,Alaska,SJC,LAX,10,1,2019,83,male,On vacation/Pleasure,Short-term homestay,Car rental,False,0
481,Aeromexico,GDL,SJC,4,11,2020,79,unspecified,On vacation/Pleasure,Home,Airport cab,False,0
482,Delta Airlines,SJC,LAX,16,4,2017,8,male,On vacation/Pleasure,Home,Public Transportation,False,0
483,Alaska,LAX,JFK,3,10,2021,83,male,Back Home,Home,Own car,False,0
484,Alaska,JFK,GDL,14,4,2016,38,female,Back Home,Home,Airport cab,False,0
485,Alaska,PDX,SJC,12,10,2020,9,male,Back Home,Home,Mobility as a service,False,0
486,Aeromexico,SJC,JFK,27,1,2018,52,male,Business/Work,Friend/Family,Public Transportation,False,0
487,Alaska,JFK,LAX,1,3,2013,78,undisclosed,Back Home,Home,Own car,False,0
488,Volaris,PDX,SJC,28,10,2017,78,male,Back Home,Home,Own car,False,0
489,Alaska,LAX,GDL,25,7,2013,54,male,Back Home,Home,Mobility as a service,False,0
490,American Airlines,LAX,SJC,20,7,2018,1,unspecified,On vacation/Pleasure,Hotel,Pickup,False,0
491,Delta Airlines,PDX,SJC,6,7,2021,15,undisclosed,Business/Work,Home,None,True,563
492,American Airlines,JFK,LAX,2,10,2018,67,female,Business/Work,Home,None,True,689
493,Alaska,PDX,SJC,27,7,2021,22,undisclosed,On vacation/Pleasure,Friend/Family,None,True,44
494,Volaris,PDX,GDL,14,2,2020,30,unspecified,Business/Work,Hotel,None,True,590
495,Delta Airlines,GDL,SJC,6,12,2013,47,unspecified,On vacation/Pleasure,Short-term homestay,Car rental,False,0
496,Aeromexico,PDX,GDL,2,6,2022,46,undisclosed,Back Home,Home,Airport cab,False,0
497,American Airlines,JFK,GDL,31,1,2020,36,female,On vacation/Pleasure,Hotel,Pickup,False,0
498,American Airlines,JFK,GDL,19,1,2023,61,male,On vacation/Pleasure,Hotel,Public Transportation,False,0
499,American Airlines,PDX,JFK,14,12,2021,37,female,Back Home,Home,Airport cab,False,0
500,Aeromexico,SJC,LAX,13,5,2019,16,female,On vacation/Pleasure,Home,None,True,611
501,American Airlines,JFK,LAX,4,4,2022,82,unspecified,On vacation/Pleasure,Hotel,Mobility as a service,False,0
502,Delta Airlines,GDL,PDX,14,4,2015,47,female,Back Home,Home,Airport cab,False,0
503,Delta Airlines,LAX,SJC,1,8,2013,21,unspecified,Back Home,Home,Public Transportation,False,0
504,American Airlines,LAX,PDX,11,10,2014,87,female,Business/Work,Hotel,Car rental,False,0
505,Volaris,SJC,PDX,11,1,2022,81,unspecified,Business/Work,Home,Mobility as a service,False,0
506,Delta Airlines,LAX,GDL,5,3,2020,69,undisclosed,On vacation/Pleasure,Home,Own car,False,0
507,Volaris,LAX,JFK,14,1,2022,90,male,On vacation/Pleasure,Hotel,None,True,398
508,Alaska,SJC,GDL,28,8,2014,80,undisclosed,Business/Work,Friend/Family,None,True,156
509,Volaris,PDX,SJC,7,4,2016,37,female,Business/Work,Home,Own car,False,0
510,American Airlines,GDL,JFK,17,1,2018,84,unspecified,Business/Work,Friend/Family,None,True,602
511,Delta Airlines,GDL,JFK,16,12,2019,13,female,Back Home,Home,Airport cab,False,0
512,Aeromexico,LAX,GDL,30,11,2015,12,female,On vacation/Pleasure,Friend/Family,Public Transportation,False,0
513,Aeromexico,LAX,SJC,7,12,2020,52,undisclosed,On vacation/Pleasure,Home,Car rental,False,0
514,Volaris,SJC,LAX,10,4,2017,2,female,Back Home,Home,Airport cab,False,0
515,Alaska,PDX,GDL,17,4,2020,42,unspecified,Business/Work,Hotel,None,True,105
516,Delta Airlines,SJC,PDX,2,10,2016,47,male,On vacation/Pleasure,Hotel,None,True,104
517,Alaska,SJC,JFK,25,9,2021,56,undisclosed,Business/Work,Friend/Family,None,True,467
518,Aeromexico,SJC,PDX,23,6,2018,7,undisclosed,On vacation/Pleasure,Hotel,None,True,286
519,Alaska,SJC,JFK,8,2,2020,52,undisclosed,Business/Work,Home,None,True,276
520,American Airlines,PDX,GDL,20,8,2021,66,undisclosed,Back Home,Home,Own car,False,0
521,Volaris,JFK,LAX,28,11,2021,5,male,Back Home,Home,Pickup,False,0
522,Aeromexico,GDL,LAX,8,9,2017,43,female,On vacation/Pleasure,Home,None,True,432
523,Alaska,PDX,JFK,15,11,2013,87,undisclosed,Business/Work,Short-term homestay,None,True,569
524,Alaska,SJC,JFK,14,4,2015,60,male,Business/Work,Home,None,True,277
525,Volaris,JFK,PDX,3,1,2013,21,male,Business/Work,Home,None,True,592
526,Delta Airlines,JFK,LAX,13,4,2023,49,undisclosed,On vacation/Pleasure,Friend/Family,None,True,134
527,Volaris,SJC,PDX,22,1,2019,81,undisclosed,Back Home,Home,Own car,False,0
528,Alaska,JFK,GDL,24,5,2015,1,male,Back Home,Home,Car rental,False,0
529,Aeromexico,SJC,JFK,24,3,2015,61,unspecified,Business/Work,Friend/Family,None,True,229
530,Aeromexico,PDX,SJC,9,1,2021,34,female,Business/Work,Friend/Family,Mobility as a service,False,0
531,Aeromexico,JFK,LAX,2,1,2023,30,male,Business/Work,Home,None,True,262
532,Delta Airlines,SJC,PDX,28,7,2020,14,undisclosed,Back Home,Home,Own car,False,0
533,American Airlines,GDL,PDX,17,3,2020,52,undisclosed,Back Home,Home,Own car,False,0
534,American Airlines,SJC,PDX,11,9,2018,29,male,Back Home,Home,Own car,False,0
535,Volaris,SJC,GDL,19,10,2020,82,male,Back Home,Home,Airport cab,False,0
536,Alaska,GDL,PDX,4,2,2021,71,female,Back Home,Home,Mobility as a service,False,0
537,Volaris,PDX,SJC,30,11,2022,39,unspecified,Business/Work,Hotel,Public Transportation,False,0
538,Delta Airlines,JFK,GDL,15,3,2016,23,female,Back Home,Home,Public Transportation,False,0
539,Alaska,GDL,SJC,10,8,2022,28,female,Back Home,Home,Own car,False,0
540,Volaris,PDX,GDL,24,4,2015,42,male,Business/Work,Home,Pickup,False,0
541,Alaska,JFK,PDX,7,4,2017,54,undisclosed,Business/Work,Home,None,True,660
542,Delta Airlines,JFK,GDL,16,11,2019,62,female,Back Home,Home,Airport cab,False,0
543,Aeromexico,PDX,LAX,26,1,2019,37,undisclosed,Back Home,Home,Pickup,False,0
544,Delta Airlines,GDL,JFK,2,2,2022,1,female,Back Home,Home,Public Transportation,False,0
545,Aeromexico,GDL,LAX,29,4,2015,69,undisclosed,On vacation/Pleasure,Home,Car rental,False,0
546,American Airlines,GDL,LAX,18,11,2019,21,undisclosed,On vacation/Pleasure,Short-term homestay,Pickup,False,0
547,Aeromexico,GDL,SJC,1,10,2016,30,female,On vacation/Pleasure,Home,Own car,False,0
548,American Airlines,PDX,SJC,25,12,2016,72,unspecified,Business/Work,Short-term homestay,None,True,101
549,Volaris,PDX,LAX,27,1,2016,49,undisclosed,On vacation/Pleasure,Friend/Family,None,True,254
550,American Airlines,GDL,PDX,1,10,2019,83,unspecified,Business/Work,Hotel,None,True,146
551,American Airlines,PDX,SJC,19,7,2014,71,male,Business/Work,Friend/Family,Public Transportation,False,0
552,Volaris,LAX,PDX,11,9,2015,32,female,On vacation/Pleasure,Short-term homestay,Pickup,False,0
553,Alaska,SJC,PDX,25,7,2021,11,male,Back Home,Home,Pickup,False,0
554,American Airlines,GDL,JFK,30,4,2019,82,unspecified,Business/Work,Home,Airport cab,False,0
555,Delta Airlines,PDX,GDL,16,6,2016,72,male,On vacation/Pleasure,Hotel,Car rental,False,0
556,Aeromexico,GDL,PDX,14,9,2017,23,undisclosed,Business/Work,Hotel,None,True,585
557,Delta Airlines,SJC,JFK,19,6,2019,86,female,Back Home,Home,Public Transportation,False,0
558,Aeromexico,LAX,GDL,25,6,2020,22,male,On vacation/Pleasure,Hotel,Public Transportation,False,0
559,Delta Airlines,LAX,SJC,23,6,2019,71,female,Back Home,Home,Airport cab,False,0
560,Aeromexico,GDL,PDX,24,12,2019,69,male,Business/Work,Short-term homestay,None,True,260
561,Delta Airlines,LAX,JFK,5,7,2021,77,undisclosed,Business/Work,Hotel,None,True,218
562,Delta Airlines,GDL,PDX,17,4,2015,56,female,Business/Work,Friend/Family,Mobility as a service,False,0
563,Volaris,GDL,PDX,2,2,2018,29,female,On vacation/Pleasure,Friend/Family,Own car,False,0
564,Alaska,JFK,LAX,5,7,2019,66,male,On vacation/Pleasure,Hotel,Public Transportation,False,0
565,Alaska,GDL,SJC,14,5,2016,83,female,Back Home,Home,Public Transportation,False,0
566,Alaska,GDL,SJC,30,9,2020,86,unspecified,Back Home,Home,Own car,False,0
567,Alaska,SJC,PDX,4,12,2019,90,unspecified,Business/Work,Hotel,None,True,83
568,American Airlines,PDX,LAX,12,12,2018,20,female,On vacation/Pleasure,Short-term homestay,None,True,428
569,Aeromexico,SJC,LAX,12,5,2013,38,male,Business/Work,Short-term homestay,Mobility as a service,False,0
570,Aeromexico,SJC,JFK,18,9,2016,70,female,Business/Work,Short-term homestay,Airport cab,False,0
571,Volaris,LAX,GDL,13,3,2022,77,male,Back Home,Home,Airport cab,False,0
572,Delta Airlines,GDL,SJC,1,4,2015,57,male,On vacation/Pleasure,Home,Car rental,False,0
573,Delta Airlines,SJC,JFK,31,1,2020,22,unspecified,Business/Work,Home,Own car,False,0
574,Volaris,SJC,LAX,6,3,2020,21,undisclosed,Back Home,Home,Car rental,False,0
575,Volaris,PDX,JFK,23,3,2017,13,male,Business/Work,Short-term homestay,None,True,121
576,Delta Airlines,PDX,JFK,8,5,2021,22,male,Back Home,Home,Car rental,False,0
577,Alaska,SJC,LAX,2,10,2020,51,undisclosed,Business/Work,Short-term homestay,None,True,234
578,Aeromexico,GDL,SJC,18,12,2013,15,female,Back Home,Home,Car rental,False,0
579,American Airlines,PDX,LAX,3,6,2022,87,undisclosed,Back Home,Home,Mobility as a service,False,0
580,Volaris,LAX,PDX,25,10,2015,46,male,Business/Work,Friend/Family,None,True,39
581,Alaska,GDL,LAX,25,12,2017,84,unspecified,On vacation/Pleasure,Short-term homestay,Own car,False,0
582,Delta Airlines,JFK,GDL,19,5,2019,16,unspecified,Business/Work,Friend/Family,None,True,177
583,American Airlines,GDL,JFK,12,4,2017,78,undisclosed,Business/Work,Home,None,True,458
584,Alaska,PDX,GDL,13,12,2020,47,female,On vacation/Pleasure,Short-term homestay,None,True,461
585,Alaska,JFK,SJC,22,5,2013,49,undisclosed,On vacation/Pleasure,Short-term homestay,Mobility as a service,False,0
586,Alaska,GDL,LAX,2,2,2015,89,female,Business/Work,Short-term homestay,Public Transportation,False,0
587,Volaris,JFK,GDL,24,5,2016,70,undisclosed,Business/Work,Friend/Family,Airport cab,False,0
588,Delta Airlines,GDL,SJC,19,9,2015,40,male,Business/Work,Home,Pickup,False,0
589,Alaska,JFK,PDX,10,1,2023,14,female,On vacation/Pleasure,Home,None,True,86
590,Volaris,GDL,SJC,9,6,2015,60,female,Business/Work,Home,None,True,702
591,Aeromexico,GDL,JFK,24,2,2023,73,female,Business/Work,Short-term homestay,None,True,359
592,American Airlines,LAX,PDX,29,8,2014,87,unspecified,Back Home,Home,Pickup,False,0
593,American Airlines,JFK,LAX,15,3,2013,46,male,Back Home,Home,Public Transportation,False,0
594,Delta Airlines,GDL,JFK,17,2,2019,30,male,Back Home,Home,Own car,False,0
595,Aeromexico,LAX,JFK,26,9,2013,59,undisclosed,Business/Work,Hotel,None,True,133
596,Aeromexico,SJC,LAX,18,10,2022,2,female,On vacation/Pleasure,Home,None,True,716
597,Aeromexico,SJC,JFK,13,11,2021,26,male,Business/Work,Home,Airport cab,False,0
598,Volaris,PDX,GDL,27,1,2021,60,female,Business/Work,Hotel,None,True,594
599,Alaska,PDX,GDL,20,8,2019,36,undisclosed,On vacation/Pleasure,Friend/Family,None,True,154
600,Delta Airlines,LAX,PDX,15,9,2018,48,female,Business/Work,Home,Public Transportation,False,0
601,Volaris,SJC,LAX,4,1,2021,60,male,Business/Work,Hotel,None,True,158
602,American Airlines,GDL,SJC,4,12,2021,36,undisclosed,Back Home,Home,Mobility as a service,False,0
603,American Airlines,GDL,SJC,4,10,2020,41,female,Business/Work,Friend/Family,None,True,306
604,Volaris,GDL,SJC,12,11,2015,10,undisclosed,On vacation/Pleasure,Home,None,True,91
605,Delta Airlines,SJC,LAX,21,6,2014,49,male,Business/Work,Friend/Family,None,True,482
606,Aeromexico,LAX,PDX,19,10,2015,39,unspecified,On vacation/Pleasure,Home,None,True,274
607,Aeromexico,GDL,PDX,13,7,2013,38,unspecified,On vacation/Pleasure,Friend/Family,Own car,False,0
608,Aeromexico,LAX,SJC,21,12,2013,31,male,Back Home,Home,Public Transportation,False,0
609,Aeromexico,PDX,JFK,17,8,2021,2,unspecified,Back Home,Home,Public Transportation,False,0
610,Alaska,GDL,SJC,8,1,2022,44,unspecified,Back Home,Home,Airport cab,False,0
611,American Airlines,JFK,GDL,27,4,2018,68,female,On vacation/Pleasure,Home,Mobility as a service,False,0
612,American Airlines,PDX,SJC,23,3,2022,45,undisclosed,On vacation/Pleasure,Home,Mobility as a service,False,0
613,Alaska,GDL,LAX,17,7,2017,49,female,Business/Work,Hotel,Pickup,False,0
614,Alaska,PDX,SJC,14,10,2021,68,undisclosed,On vacation/Pleasure,Hotel,Own car,False,0
615,Alaska,LAX,GDL,21,10,2019,76,unspecified,Back Home,Home,Airport cab,False,0
616,Delta Airlines,JFK,PDX,14,7,2016,11,undisclosed,Business/Work,Home,None,True,176
617,American Airlines,JFK,PDX,10,11,2013,6,female,Business/Work,Home,None,True,138
618,Volaris,LAX,SJC,14,2,2023,38,undisclosed,On vacation/Pleasure,Short-term homestay,Pickup,False,0
619,Delta Airlines,LAX,JFK,19,3,2013,84,unspecified,Business/Work,Home,Mobility as a service,False,0
620,Volaris,PDX,SJC,5,9,2014,87,undisclosed,Back Home,Home,Mobility as a service,False,0
621,Aeromexico,LAX,PDX,10,1,2016,29,male,On vacation/Pleasure,Hotel,Car rental,False,0
622,Volaris,GDL,JFK,26,12,2015,66,male,On vacation/Pleasure,Short-term homestay,Car rental,False,0
623,Volaris,PDX,JFK,26,11,2022,42,male,On vacation/Pleasure,Hotel,None,True,210
624,American Airlines,PDX,SJC,27,2,2022,2,male,Back Home,Home,Pickup,False,0
625,American Airlines,GDL,LAX,3,1,2015,87,male,Business/Work,Home,None,True,585
626,Delta Airlines,JFK,LAX,16,2,2022,78,unspecified,Business/Work,Friend/Family,None,True,597
627,Aeromexico,JFK,PDX,3,9,2014,50,unspecified,Back Home,Home,Public Transportation,False,0
628,Alaska,PDX,GDL,20,9,2016,36,undisclosed,Business/Work,Friend/Family,None,True,529
629,American Airlines,LAX,PDX,21,6,2022,32,undisclosed,Back Home,Home,Airport cab,False,0
630,American Airlines,SJC,JFK,8,5,2016,8,undisclosed,Back Home,Home,Pickup,False,0
631,Delta Airlines,SJC,PDX,1,8,2019,34,male,On vacation/Pleasure,Short-term homestay,Pickup,False,0
632,Aeromexico,PDX,GDL,18,3,2021,6,male,On vacation/Pleasure,Short-term homestay,None,True,601
633,American Airlines,PDX,LAX,23,9,2013,8,undisclosed,On vacation/Pleasure,Home,None,True,440
634,Aeromexico,PDX,LAX,17,4,2016,40,unspecified,Back Home,Home,Mobility as a service,False,0
635,Delta Airlines,PDX,GDL,12,3,2013,34,female,Back Home,Home,Mobility as a service,False,0
636,Alaska,GDL,PDX,6,3,2013,39,unspecified,Business/Work,Short-term homestay,Own car,False,0
637,Delta Airlines,SJC,PDX,24,7,2015,46,undisclosed,Business/Work,Home,None,True,414
638,Aeromexico,SJC,GDL,6,4,2018,68,female,On vacation/Pleasure,Hotel,Mobility as a service,False,0
639,Aeromexico,JFK,LAX,23,11,2021,37,male,Back Home,Home,Mobility as a service,False,0
640,American Airlines,PDX,GDL,7,9,2022,68,undisclosed,On vacation/Pleasure,Home,None,True,130
641,American Airlines,SJC,JFK,4,5,2019,39,female,Back Home,Home,Car rental,False,0
642,American Airlines,SJC,JFK,3,7,2016,73,undisclosed,On vacation/Pleasure,Short-term homestay,None,True,74
643,Alaska,JFK,GDL,9,1,2023,56,unspecified,On vacation/Pleasure,Friend/Family,None,True,699
644,Aeromexico,GDL,PDX,6,2,2019,18,male,Business/Work,Short-term homestay,Public Transportation,False,0
645,Delta Airlines,SJC,JFK,16,6,2022,82,female,Business/Work,Short-term homestay,Airport cab,False,0
646,American Airlines,SJC,LAX,13,12,2020,64,undisclosed,Business/Work,Hotel,Own car,False,0
647,Aeromexico,LAX,GDL,21,10,2021,70,unspecified,Business/Work,Short-term homestay,None,True,58
648,American Airlines,JFK,SJC,22,5,2016,46,undisclosed,Back Home,Home,Pickup,False,0
649,Delta Airlines,JFK,GDL,18,10,2022,71,female,Business/Work,Short-term homestay,None,True,670
650,Aeromexico,GDL,JFK,8,12,2020,35,female,Back Home,Home,Airport cab,False,0
651,Volaris,SJC,LAX,26,7,2014,72,unspecified,Back Home,Home,Pickup,False,0
652,Alaska,GDL,PDX,24,9,2015,9,male,Business/Work,Hotel,Car rental,False,0
653,Alaska,GDL,SJC,20,3,2022,41,female,On vacation/Pleasure,Hotel,None,True,76
654,Delta Airlines,SJC,GDL,14,7,2015,37,female,Business/Work,Friend/Family,Car rental,False,0
655,American Airlines,GDL,PDX,16,7,2020,9,female,On vacation/Pleasure,Home,Own car,False,0
656,Delta Airlines,JFK,GDL,16,9,2021,85,female,On vacation/Pleasure,Short-term homestay,Airport cab,False,0
657,Volaris,SJC,PDX,17,4,2019,89,unspecified,Back Home,Home,Own car,False,0
658,Aeromexico,SJC,LAX,23,11,2017,87,undisclosed,On vacation/Pleasure,Home,Car rental,False,0
659,Delta Airlines,LAX,PDX,10,1,2023,53,male,Business/Work,Friend/Family,Airport cab,False,0
660,Alaska,JFK,GDL,7,11,2020,27,female,On vacation/Pleasure,Friend/Family,Airport cab,False,0
661,Aeromexico,LAX,GDL,9,10,2020,75,male,Back Home,Home,Car rental,False,0
662,Aeromexico,PDX,LAX,2,5,2013,71,unspecified,Back Home,Home,Car rental,False,0
663,American Airlines,SJC,PDX,17,5,2013,84,unspecified,Business/Work,Hotel,None,True,649
664,Delta Airlines,GDL,JFK,12,12,2019,22,female,On vacation/Pleasure,Hotel,None,True,371
665,Alaska,SJC,PDX,19,5,2013,60,undisclosed,Business/Work,Hotel,Pickup,False,0
666,Delta Airlines,PDX,LAX,3,9,2020,9,unspecified,Back Home,Home,Airport cab,False,0
667,Aeromexico,GDL,PDX,26,9,2022,29,female,Back Home,Home,Public Transportation,False,0
668,Aeromexico,GDL,SJC,19,8,2021,80,male,Business/Work,Short-term homestay,Mobility as a service,False,0
669,Volaris,LAX,SJC,12,9,2015,16,unspecified,On vacation/Pleasure,Home,None,True,414
670,American Airlines,GDL,PDX,16,1,2016,1,unspecified,Business/Work,Home,Own car,False,0
671,Delta Airlines,GDL,JFK,18,5,2018,57,undisclosed,Business/Work,Short-term homestay,None,True,311
672,American Airlines,JFK,SJC,7,4,2019,55,female,On vacation/Pleasure,Home,None,True,122
673,Aeromexico,JFK,PDX,24,3,2016,21,male,Business/Work,Short-term homestay,Car rental,False,0
674,Delta Airlines,PDX,SJC,13,12,2021,69,male,Business/Work,Home,None,True,106
675,Alaska,PDX,SJC,19,6,2021,60,female,Back Home,Home,Mobility as a service,False,0
676,Volaris,JFK,LAX,2,2,2023,49,female,Back Home,Home,Pickup,False,0
677,American Airlines,JFK,GDL,27,5,2019,8,unspecified,Business/Work,Friend/Family,None,True,397
678,Delta Airlines,JFK,GDL,30,9,2018,69,female,On vacation/Pleasure,Home,None,True,484
679,Alaska,GDL,SJC,7,5,2020,11,unspecified,Business/Work,Friend/Family,None,True,517
680,American Airlines,SJC,PDX,13,7,2014,35,unspecified,Business/Work,Friend/Family,None,True,583
681,Delta Airlines,SJC,LAX,18,1,2023,49,undisclosed,Back Home,Home,Own car,False,0
682,Volaris,SJC,JFK,23,3,2019,80,unspecified,On vacation/Pleasure,Friend/Family,Car rental,False,0
683,Delta Airlines,LAX,GDL,20,6,2020,81,female,Back Home,Home,Public Transportation,False,0
684,Alaska,PDX,LAX,26,10,2017,85,unspecified,Back Home,Home,Pickup,False,0
685,Aeromexico,PDX,LAX,13,8,2017,32,female,Business/Work,Short-term homestay,Pickup,False,0
686,Alaska,PDX,SJC,15,10,2015,87,female,Back Home,Home,Public Transportation,False,0
687,Aeromexico,SJC,JFK,8,9,2018,67,female,Business/Work,Home,Car rental,False,0
688,Delta Airlines,GDL,PDX,2,12,2021,48,female,On vacation/Pleasure,Hotel,None,True,148
689,Aeromexico,LAX,PDX,1,6,2019,1,male,On vacation/Pleasure,Home,None,True,285
690,Aeromexico,GDL,SJC,31,1,2013,76,male,On vacation/Pleasure,Home,None,True,524
691,Delta Airlines,SJC,JFK,16,2,2016,16,undisclosed,On vacation/Pleasure,Hotel,Airport cab,False,0
692,Alaska,SJC,GDL,3,6,2014,64,undisclosed,On vacation/Pleasure,Friend/Family,Pickup,False,0
693,Alaska,JFK,SJC,23,10,2018,61,male,Back Home,Home,Public Transportation,False,0
694,Volaris,SJC,GDL,30,10,2016,69,undisclosed,Back Home,Home,Own car,False,0
695,Delta Airlines,LAX,GDL,5,11,2013,45,female,Back Home,Home,Car rental,False,0
696,American Airlines,PDX,LAX,8,12,2020,29,male,Back Home,Home,Own car,False,0
697,Volaris,SJC,GDL,25,12,2015,50,undisclosed,On vacation/Pleasure,Hotel,Car rental,False,0
698,American Airlines,PDX,SJC,25,12,2015,49,female,Business/Work,Home,Mobility as a service,False,0
699,Volaris,PDX,LAX,1,12,2013,52,unspecified,Business/Work,Home,Car rental,False,0
700,Delta Airlines,SJC,PDX,1,3,2020,38,unspecified,Business/Work,Friend/Family,Pickup,False,0
701,Alaska,PDX,GDL,15,3,2021,44,undisclosed,Back Home,Home,Public Transportation,False,0
702,Aeromexico,JFK,GDL,27,3,2018,22,undisclosed,On vacation/Pleasure,Hotel,Car rental,False,0
703,Delta Airlines,LAX,JFK,5,4,2014,86,male,Back Home,Home,Mobility as a service,False,0
704,Delta Airlines,LAX,JFK,28,5,2019,57,male,On vacation/Pleasure,Short-term homestay,Mobility as a service,False,0
705,Alaska,JFK,SJC,28,1,2016,58,undisclosed,Back Home,Home,Mobility as a service,False,0
706,Alaska,SJC,LAX,20,4,2016,51,unspecified,Back Home,Home,Own car,False,0
707,Volaris,LAX,PDX,3,9,2016,69,male,On vacation/Pleasure,Short-term homestay,None,True,342
708,Aeromexico,SJC,LAX,25,6,2022,1,female,Business/Work,Hotel,None,True,309
709,Alaska,PDX,JFK,2,8,2018,24,unspecified,On vacation/Pleasure,Home,None,True,698
710,Aeromexico,PDX,SJC,19,3,2018,13,male,Back Home,Home,Pickup,False,0
711,Volaris,LAX,GDL,19,5,2014,24,male,On vacation/Pleasure,Friend/Family,Mobility as a service,False,0
712,Volaris,PDX,JFK,7,7,2018,14,female,On vacation/Pleasure,Short-term homestay,Pickup,False,0
713,Volaris,PDX,SJC,10,1,2020,42,male,On vacation/Pleasure,Home,None,True,487
714,Aeromexico,LAX,SJC,3,7,2013,2,female,Back Home,Home,Own car,False,0
715,Alaska,SJC,GDL,28,5,2013,55,female,Back Home,Home,Airport cab,False,0
716,Volaris,SJC,JFK,18,10,2016,59,undisclosed,Business/Work,Short-term homestay,None,True,309
717,Aeromexico,SJC,GDL,21,5,2017,25,female,Business/Work,Short-term homestay,Pickup,False,0
718,Aeromexico,JFK,SJC,19,6,2017,26,undisclosed,Business/Work,Hotel,Mobility as a service,False,0
719,Aeromexico,JFK,PDX,1,5,2020,54,undisclosed,On vacation/Pleasure,Friend/Family,Airport cab,False,0
720,Delta Airlines,PDX,JFK,4,4,2014,81,female,Business/Work,Hotel,Airport cab,False,0
721,Alaska,PDX,JFK,8,4,2013,52,undisclosed,Back Home,Home,Mobility as a service,False,0
722,Alaska,GDL,PDX,16,12,2022,15,female,On vacation/Pleasure,Home,None,True,287
723,American Airlines,PDX,SJC,20,5,2021,43,unspecified,Business/Work,Friend/Family,Own car,False,0
724,Alaska,LAX,SJC,15,6,2014,52,unspecified,Back Home,Home,Own car,False,0
725,Delta Airlines,GDL,PDX,30,1,2016,63,undisclosed,Back Home,Home,Car rental,False,0
726,American Airlines,JFK,PDX,27,12,2013,67,undisclosed,On vacation/Pleasure,Home,None,True,717
727,Volaris,SJC,LAX,11,10,2021,64,unspecified,Business/Work,Short-term homestay,Own car,False,0
728,Aeromexico,GDL,PDX,17,12,2020,12,unspecified,Business/Work,Friend/Family,None,True,71
729,Alaska,JFK,GDL,14,8,2017,76,undisclosed,Business/Work,Friend/Family,None,True,239
730,American Airlines,PDX,JFK,16,3,2021,66,undisclosed,On vacation/Pleasure,Hotel,Public Transportation,False,0
731,American Airlines,PDX,SJC,15,3,2015,41,female,Business/Work,Friend/Family,Car rental,False,0
732,Aeromexico,SJC,JFK,3,9,2019,85,undisclosed,On vacation/Pleasure,Hotel,Pickup,False,0
733,Alaska,SJC,PDX,12,9,2013,8,female,On vacation/Pleasure,Home,None,True,506
734,Alaska,SJC,JFK,4,3,2018,55,undisclosed,Business/Work,Friend/Family,Pickup,False,0
735,Aeromexico,SJC,GDL,21,2,2017,5,undisclosed,Business/Work,Friend/Family,Public Transportation,False,0
736,Delta Airlines,LAX,JFK,8,5,2016,21,undisclosed,Business/Work,Friend/Family,Mobility as a service,False,0
737,Volaris,LAX,GDL,15,2,2017,62,unspecified,Back Home,Home,Pickup,False,0
738,Delta Airlines,PDX,LAX,30,8,2019,41,male,Back Home,Home,Airport cab,False,0
739,Delta Airlines,PDX,SJC,9,12,2017,31,male,On vacation/Pleasure,Hotel,None,True,647
740,Aeromexico,JFK,LAX,24,10,2018,45,undisclosed,Back Home,Home,Airport cab,False,0
741,Alaska,LAX,JFK,27,10,2019,40,undisclosed,Business/Work,Home,Airport cab,False,0
742,Delta Airlines,JFK,GDL,8,11,2019,80,unspecified,On vacation/Pleasure,Hotel,Public Transportation,False,0
743,American Airlines,PDX,JFK,12,12,2022,3,female,On vacation/Pleasure,Short-term homestay,Airport cab,False,0
744,Delta Airlines,GDL,LAX,9,5,2019,43,undisclosed,Business/Work,Short-term homestay,None,True,290
745,Aeromexico,SJC,GDL,21,8,2019,44,unspecified,Business/Work,Friend/Family,None,True,90
746,Volaris,JFK,LAX,23,2,2018,10,male,Back Home,Home,Pickup,False,0
747,Volaris,SJC,JFK,20,11,2021,78,female,Back Home,Home,Own car,False,0
748,Volaris,GDL,JFK,7,3,2021,63,female,Back Home,Home,Airport cab,False,0
749,American Airlines,JFK,LAX,26,8,2020,39,undisclosed,Business/Work,Short-term homestay,Airport cab,False,0
750,Volaris,PDX,LAX,30,1,2019,41,male,Back Home,Home,Pickup,False,0
751,Volaris,PDX,GDL,7,8,2020,90,male,Business/Work,Friend/Family,Airport cab,False,0
752,Volaris,SJC,PDX,23,2,2014,25,undisclosed,On vacation/Pleasure,Friend/Family,None,True,235
753,Volaris,JFK,PDX,13,6,2021,39,undisclosed,Business/Work,Hotel,Pickup,False,0
754,Alaska,GDL,SJC,12,4,2014,56,undisclosed,Back Home,Home,Car rental,False,0
755,American Airlines,PDX,JFK,7,7,2017,48,unspecified,Business/Work,Home,None,True,521
756,Alaska,JFK,SJC,18,12,2020,56,undisclosed,Back Home,Home,Mobility as a service,False,0
757,American Airlines,PDX,SJC,13,7,2013,89,female,On vacation/Pleasure,Home,None,True,710
758,American Airlines,GDL,SJC,28,5,2015,79,male,On vacation/Pleasure,Short-term homestay,Car rental,False,0
759,Aeromexico,GDL,LAX,28,12,2015,83,female,Back Home,Home,Mobility as a service,False,0
760,Delta Airlines,PDX,JFK,31,3,2016,34,male,Back Home,Home,Pickup,False,0
761,Alaska,PDX,GDL,18,10,2018,63,unspecified,Business/Work,Friend/Family,None,True,32
762,American Airlines,JFK,LAX,22,7,2021,20,undisclosed,Back Home,Home,Airport cab,False,0
763,Volaris,LAX,SJC,17,7,2014,20,unspecified,Business/Work,Hotel,Own car,False,0
764,Alaska,PDX,JFK,1,8,2013,73,unspecified,Business/Work,Short-term homestay,Mobility as a service,False,0
765,Volaris,LAX,GDL,6,5,2018,64,female,On vacation/Pleasure,Hotel,Car rental,False,0
766,Alaska,PDX,SJC,23,4,2018,33,undisclosed,Business/Work,Hotel,None,True,560
767,Aeromexico,JFK,LAX,19,7,2020,56,undisclosed,Business/Work,Friend/Family,Airport cab,False,0
768,Delta Airlines,JFK,SJC,25,2,2023,16,unspecified,On vacation/Pleasure,Hotel,None,True,285
769,Delta Airlines,SJC,LAX,16,1,2019,72,female,On vacation/Pleasure,Hotel,None,True,487
770,Volaris,GDL,PDX,8,7,2015,22,unspecified,On vacation/Pleasure,Home,None,True,641
771,American Airlines,PDX,SJC,13,4,2014,77,undisclosed,On vacation/Pleasure,Friend/Family,None,True,556
772,Delta Airlines,LAX,PDX,20,3,2023,41,undisclosed,Business/Work,Hotel,Mobility as a service,False,0
773,Delta Airlines,GDL,LAX,28,9,2020,89,unspecified,Business/Work,Hotel,Own car,False,0
774,Delta Airlines,PDX,LAX,19,1,2020,2,male,Business/Work,Hotel,None,True,376
775,Alaska,LAX,JFK,7,1,2015,13,female,On vacation/Pleasure,Friend/Family,None,True,609
776,Volaris,LAX,JFK,17,7,2016,73,male,Business/Work,Hotel,None,True,285
777,Volaris,LAX,SJC,19,12,2021,88,undisclosed,Business/Work,Hotel,Public Transportation,False,0
778,Volaris,SJC,GDL,29,7,2020,25,male,Back Home,Home,Own car,False,0
779,Volaris,LAX,JFK,30,7,2018,47,male,On vacation/Pleasure,Short-term homestay,Own car,False,0
780,Aeromexico,LAX,SJC,21,12,2014,43,unspecified,On vacation/Pleasure,Home,None,True,533
781,American Airlines,SJC,LAX,31,5,2014,44,undisclosed,On vacation/Pleasure,Home,Airport cab,False,0
782,Alaska,JFK,PDX,26,3,2018,35,male,Back Home,Home,Pickup,False,0
783,Alaska,JFK,LAX,1,1,2021,42,male,Back Home,Home,Public Transportation,False,0
784,Delta Airlines,GDL,LAX,25,3,2014,45,undisclosed,Business/Work,Short-term homestay,None,True,455
785,Volaris,LAX,JFK,30,9,2019,18,unspecified,Business/Work,Friend/Family,Own car,False,0
786,Aeromexico,SJC,JFK,3,1,2019,37,unspecified,On vacation/Pleasure,Home,None,True,98
787,Volaris,PDX,JFK,12,6,2021,66,undisclosed,On vacation/Pleasure,Hotel,None,True,119
788,Delta Airlines,GDL,PDX,21,10,2020,38,female,Back Home,Home,Airport cab,False,0
789,Alaska,GDL,LAX,23,2,2023,48,male,Business/Work,Hotel,Public Transportation,False,0
790,Volaris,SJC,PDX,7,4,2015,75,unspecified,On vacation/Pleasure,Home,None,True,604
791,Alaska,GDL,JFK,31,5,2020,81,male,Back Home,Home,Mobility as a service,False,0
792,American Airlines,PDX,GDL,3,6,2013,34,unspecified,Business/Work,Friend/Family,None,True,56
793,American Airlines,PDX,SJC,29,6,2020,87,unspecified,Back Home,Home,Car rental,False,0
794,Volaris,JFK,GDL,5,1,2013,70,male,On vacation/Pleasure,Hotel,Own car,False,0
795,Aeromexico,PDX,GDL,13,4,2020,49,male,On vacation/Pleasure,Home,None,True,144
796,American Airlines,PDX,LAX,12,12,2018,65,female,Back Home,Home,Airport cab,False,0
797,American Airlines,PDX,SJC,13,2,2016,40,male,Back Home,Home,Pickup,False,0
798,Volaris,JFK,GDL,7,10,2014,86,undisclosed,Back Home,Home,Public Transportation,False,0
799,Delta Airlines,JFK,GDL,22,8,2019,84,female,Business/Work,Home,None,True,642
800,Alaska,JFK,LAX,7,1,2017,21,female,Business/Work,Friend/Family,None,True,652
801,Aeromexico,SJC,PDX,24,4,2023,53,male,Business/Work,Hotel,Mobility as a service,False,0
802,Delta Airlines,GDL,LAX,20,8,2018,26,female,Back Home,Home,Pickup,False,0
803,Volaris,LAX,JFK,10,2,2014,88,female,Back Home,Home,Pickup,False,0
804,Aeromexico,SJC,GDL,11,5,2022,3,male,Business/Work,Hotel,None,True,638
805,Delta Airlines,GDL,PDX,25,3,2019,39,unspecified,On vacation/Pleasure,Hotel,None,True,483
806,Delta Airlines,SJC,GDL,4,12,2015,66,male,Business/Work,Short-term homestay,None,True,591
807,Alaska,JFK,PDX,4,3,2023,79,undisclosed,Business/Work,Short-term homestay,Airport cab,False,0
808,Delta Airlines,PDX,GDL,7,5,2018,64,female,Back Home,Home,Pickup,False,0
809,Alaska,GDL,SJC,10,8,2021,64,undisclosed,Back Home,Home,Pickup,False,0
810,American Airlines,JFK,GDL,22,12,2022,5,male,Back Home,Home,Car rental,False,0
811,Volaris,PDX,GDL,29,8,2014,24,undisclosed,Back Home,Home,Mobility as a service,False,0
812,Alaska,LAX,GDL,1,6,2022,42,male,Back Home,Home,Own car,False,0
813,Aeromexico,SJC,LAX,9,9,2020,39,female,Back Home,Home,Car rental,False,0
814,Aeromexico,SJC,GDL,2,9,2017,59,male,Business/Work,Short-term homestay,None,True,470
815,Alaska,JFK,PDX,15,2,2018,11,male,Back Home,Home,Airport cab,False,0
816,Alaska,GDL,PDX,4,2,2020,19,unspecified,Back Home,Home,Mobility as a service,False,0
817,American Airlines,LAX,GDL,26,11,2022,6,undisclosed,On vacation/Pleasure,Short-term homestay,None,True,631
818,Volaris,GDL,PDX,16,3,2023,85,undisclosed,On vacation/Pleasure,Home,None,True,126
819,Volaris,PDX,GDL,3,3,2018,17,male,Business/Work,Home,None,True,62
820,American Airlines,PDX,SJC,31,8,2017,31,unspecified,Business/Work,Short-term homestay,None,True,500
821,Delta Airlines,GDL,JFK,14,3,2018,15,female,On vacation/Pleasure,Home,Public Transportation,False,0
822,Alaska,LAX,JFK,5,12,2022,7,female,On vacation/Pleasure,Home,None,True,462
823,Volaris,LAX,SJC,23,12,2020,44,male,Back Home,Home,Pickup,False,0
824,Aeromexico,GDL,LAX,21,5,2017,13,unspecified,On vacation/Pleasure,Short-term homestay,Public Transportation,False,0
825,Aeromexico,GDL,LAX,4,12,2013,24,undisclosed,Business/Work,Home,None,True,106
826,Alaska,SJC,LAX,20,4,2022,32,undisclosed,Business/Work,Short-term homestay,None,True,113
827,Alaska,LAX,SJC,11,1,2014,53,unspecified,On vacation/Pleasure,Short-term homestay,Public Transportation,False,0
828,Volaris,SJC,LAX,16,11,2015,12,undisclosed,Back Home,Home,Own car,False,0
829,Aeromexico,SJC,LAX,1,5,2013,8,undisclosed,On vacation/Pleasure,Friend/Family,Mobility as a service,False,0
830,Alaska,LAX,PDX,8,12,2017,32,female,Business/Work,Home,Public Transportation,False,0
831,American Airlines,LAX,PDX,4,5,2016,71,undisclosed,On vacation/Pleasure,Home,Own car,False,0
832,Delta Airlines,GDL,PDX,19,10,2019,12,unspecified,On vacation/Pleasure,Home,None,True,342
833,American Airlines,GDL,PDX,7,12,2022,17,female,On vacation/Pleasure,Hotel,None,True,572
834,American Airlines,SJC,JFK,6,8,2015,16,unspecified,On vacation/Pleasure,Short-term homestay,None,True,89
835,Aeromexico,PDX,LAX,17,2,2015,79,unspecified,Back Home,Home,Pickup,False,0
836,Delta Airlines,LAX,JFK,12,4,2016,74,unspecified,Back Home,Home,Own car,False,0
837,Alaska,GDL,PDX,24,1,2022,78,undisclosed,On vacation/Pleasure,Friend/Family,None,True,680
838,Volaris,LAX,GDL,19,1,2015,24,undisclosed,On vacation/Pleasure,Home,Pickup,False,0
839,Volaris,JFK,GDL,24,1,2016,73,unspecified,On vacation/Pleasure,Hotel,None,True,390
840,Volaris,JFK,LAX,30,10,2014,33,undisclosed,Business/Work,Friend/Family,None,True,472
841,American Airlines,LAX,JFK,14,12,2014,20,female,Back Home,Home,Mobility as a service,False,0
842,Delta Airlines,LAX,PDX,14,9,2022,77,male,Business/Work,Hotel,None,True,228
843,Aeromexico,PDX,SJC,5,8,2022,39,unspecified,Business/Work,Hotel,None,True,316
844,Delta Airlines,GDL,SJC,26,10,2018,38,undisclosed,Business/Work,Hotel,Public Transportation,False,0
845,American Airlines,GDL,SJC,25,7,2022,63,male,Back Home,Home,Own car,False,0
846,American Airlines,SJC,JFK,18,9,2015,32,female,Back Home,Home,Own car,False,0
847,American Airlines,SJC,PDX,22,4,2015,21,female,Business/Work,Home,Public Transportation,False,0
848,American Airlines,PDX,SJC,17,5,2022,85,undisclosed,Business/Work,Friend/Family,None,True,397
849,Aeromexico,JFK,LAX,14,2,2023,33,female,On vacation/Pleasure,Hotel,None,True,569
850,Delta Airlines,PDX,GDL,13,12,2020,78,female,Business/Work,Friend/Family,None,True,618
851,Volaris,PDX,GDL,22,10,2019,15,male,Back Home,Home,Public Transportation,False,0
852,Volaris,JFK,GDL,6,2,2017,53,male,Business/Work,Home,None,True,87
853,Aeromexico,PDX,LAX,27,5,2021,53,male,On vacation/Pleasure,Short-term homestay,Own car,False,0
854,American Airlines,SJC,LAX,8,3,2014,80,female,On vacation/Pleasure,Friend/Family,Mobility as a service,False,0
855,Alaska,SJC,GDL,28,8,2022,60,female,Business/Work,Home,Airport cab,False,0
856,Volaris,PDX,GDL,16,9,2022,57,female,On vacation/Pleasure,Friend/Family,Pickup,False,0
857,Volaris,GDL,JFK,25,7,2020,29,male,Business/Work,Friend/Family,Car rental,False,0
858,Alaska,JFK,GDL,18,1,2023,85,female,Business/Work,Friend/Family,None,True,56
859,American Airlines,GDL,LAX,10,11,2015,8,unspecified,Business/Work,Short-term homestay,Public Transportation,False,0
860,Alaska,SJC,PDX,5,1,2015,50,undisclosed,On vacation/Pleasure,Friend/Family,None,True,560
861,Aeromexico,LAX,GDL,29,5,2020,85,male,Business/Work,Hotel,None,True,86
862,Delta Airlines,PDX,SJC,19,1,2023,21,undisclosed,Business/Work,Hotel,None,True,716
863,Volaris,JFK,SJC,1,12,2015,45,undisclosed,Business/Work,Home,None,True,46
864,Delta Airlines,SJC,JFK,29,4,2013,73,male,Back Home,Home,Mobility as a service,False,0
865,Aeromexico,SJC,PDX,3,12,2017,16,undisclosed,Back Home,Home,Pickup,False,0
866,Alaska,GDL,PDX,29,8,2015,37,male,Back Home,Home,Mobility as a service,False,0
867,Delta Airlines,LAX,SJC,1,3,2014,51,unspecified,Back Home,Home,Pickup,False,0
868,Volaris,PDX,JFK,3,9,2018,40,male,Back Home,Home,Public Transportation,False,0
869,Volaris,GDL,SJC,31,7,2020,31,male,Back Home,Home,Own car,False,0
870,Aeromexico,JFK,SJC,11,10,2017,31,undisclosed,Back Home,Home,Mobility as a service,False,0
871,Delta Airlines,GDL,LAX,20,10,2014,39,unspecified,Back Home,Home,Public Transportation,False,0
872,American Airlines,PDX,LAX,23,10,2020,10,unspecified,On vacation/Pleasure,Friend/Family,Airport cab,False,0
873,Delta Airlines,SJC,JFK,2,2,2021,16,male,Business/Work,Hotel,Own car,False,0
874,Delta Airlines,GDL,JFK,28,9,2015,75,male,Back Home,Home,Pickup,False,0
875,Volaris,SJC,LAX,15,6,2020,82,male,Business/Work,Short-term homestay,None,True,72
876,Aeromexico,PDX,LAX,26,9,2021,90,female,Back Home,Home,Public Transportation,False,0
877,American Airlines,SJC,GDL,20,10,2014,56,undisclosed,Back Home,Home,Pickup,False,0
878,Delta Airlines,JFK,LAX,10,4,2021,28,female,Back Home,Home,Mobility as a service,False,0
879,Delta Airlines,SJC,GDL,14,3,2016,15,unspecified,Back Home,Home,Public Transportation,False,0
880,Delta Airlines,LAX,GDL,28,6,2021,41,female,On vacation/Pleasure,Short-term homestay,None,True,254
881,Delta Airlines,GDL,PDX,15,10,2016,70,male,Business/Work,Home,Airport cab,False,0
882,American Airlines,JFK,PDX,10,8,2021,87,unspecified,Business/Work,Home,None,True,276
883,Alaska,JFK,LAX,29,1,2015,8,unspecified,Back Home,Home,Car rental,False,0
884,Alaska,SJC,PDX,26,11,2016,20,male,Business/Work,Short-term homestay,Airport cab,False,0
885,Alaska,PDX,JFK,16,3,2018,63,unspecified,Back Home,Home,Airport cab,False,0
886,American Airlines,LAX,PDX,9,2,2020,85,undisclosed,On vacation/Pleasure,Friend/Family,None,True,507
887,American Airlines,JFK,LAX,9,6,2015,72,female,Back Home,Home,Car rental,False,0
888,Volaris,LAX,GDL,6,5,2022,7,female,On vacation/Pleasure,Home,None,True,94
889,Volaris,JFK,PDX,27,10,2021,5,male,Back Home,Home,Mobility as a service,False,0
890,Alaska,LAX,GDL,5,1,2018,77,unspecified,Business/Work,Hotel,None,True,403
891,Volaris,LAX,GDL,29,5,2015,58,female,Business/Work,Short-term homestay,Pickup,False,0
892,Delta Airlines,PDX,JFK,7,8,2014,59,male,Business/Work,Short-term homestay,Public Transportation,False,0
893,Alaska,SJC,PDX,27,1,2023,75,female,Business/Work,Short-term homestay,None,True,275
894,Delta Airlines,LAX,JFK,29,8,2013,20,male,On vacation/Pleasure,Friend/Family,None,True,488
895,American Airlines,PDX,LAX,13,1,2020,32,female,Business/Work,Short-term homestay,None,True,553
896,Delta Airlines,SJC,PDX,13,8,2016,2,male,Business/Work,Friend/Family,Mobility as a service,False,0
897,American Airlines,GDL,PDX,22,5,2021,51,undisclosed,Back Home,Home,Public Transportation,False,0
898,Volaris,PDX,SJC,10,3,2015,67,male,Back Home,Home,Public Transportation,False,0
899,Alaska,JFK,GDL,12,12,2021,4,female,On vacation/Pleasure,Home,Airport cab,False,0
900,Aeromexico,JFK,LAX,21,4,2016,79,male,On vacation/Pleasure,Friend/Family,None,True,613
901,Delta Airlines,PDX,LAX,28,1,2014,60,male,Back Home,Home,Public Transportation,False,0
902,Volaris,JFK,SJC,26,11,2019,12,unspecified,Back Home,Home,Own car,False,0
903,Delta Airlines,JFK,LAX,6,8,2015,25,undisclosed,Business/Work,Hotel,Pickup,False,0
904,American Airlines,LAX,PDX,16,10,2013,11,undisclosed,Back Home,Home,Car rental,False,0
905,Volaris,GDL,SJC,6,8,2014,78,undisclosed,Business/Work,Hotel,Own car,False,0
906,Aeromexico,PDX,JFK,24,4,2021,56,male,Business/Work,Home,None,True,153
907,Volaris,LAX,SJC,8,4,2019,6,undisclosed,Business/Work,Home,Car rental,False,0
908,American Airlines,SJC,GDL,13,1,2022,55,male,On vacation/Pleasure,Friend/Family,None,True,45
909,Delta Airlines,JFK,SJC,5,8,2014,40,undisclosed,Business/Work,Friend/Family,Airport cab,False,0
910,Volaris,SJC,GDL,27,12,2015,85,male,On vacation/Pleasure,Friend/Family,Car rental,False,0
911,Alaska,PDX,LAX,28,5,2020,90,undisclosed,Back Home,Home,Airport cab,False,0
912,Delta Airlines,PDX,LAX,30,8,2014,14,unspecified,On vacation/Pleasure,Friend/Family,None,True,589
913,American Airlines,SJC,JFK,27,10,2015,87,female,Back Home,Home,Airport cab,False,0
914,American Airlines,GDL,SJC,16,11,2021,57,female,On vacation/Pleasure,Friend/Family,Mobility as a service,False,0
915,Aeromexico,PDX,LAX,13,1,2022,88,female,Business/Work,Hotel,None,True,253
916,Delta Airlines,PDX,JFK,2,5,2017,12,unspecified,Business/Work,Friend/Family,None,True,687
917,Aeromexico,JFK,SJC,18,2,2018,53,undisclosed,On vacation/Pleasure,Short-term homestay,None,True,637
918,Aeromexico,PDX,SJC,12,5,2013,47,undisclosed,On vacation/Pleasure,Short-term homestay,None,True,39
919,American Airlines,GDL,PDX,15,10,2022,13,unspecified,Back Home,Home,Public Transportation,False,0
920,Delta Airlines,PDX,JFK,17,2,2014,6,male,Back Home,Home,Mobility as a service,False,0
921,Volaris,JFK,SJC,17,5,2022,34,male,Business/Work,Home,None,True,141
922,American Airlines,LAX,GDL,14,6,2016,30,female,Business/Work,Hotel,Pickup,False,0
923,Delta Airlines,JFK,LAX,16,4,2021,54,male,On vacation/Pleasure,Hotel,None,True,413
924,Aeromexico,SJC,JFK,10,10,2016,76,male,Back Home,Home,Mobility as a service,False,0
925,Delta Airlines,GDL,PDX,13,10,2015,60,undisclosed,On vacation/Pleasure,Hotel,None,True,456
926,Alaska,PDX,LAX,15,3,2014,14,unspecified,Business/Work,Hotel,Mobility as a service,False,0
927,American Airlines,SJC,PDX,20,3,2013,8,male,On vacation/Pleasure,Hotel,Mobility as a service,False,0
928,American Airlines,GDL,SJC,5,9,2020,32,female,Back Home,Home,Own car,False,0
929,Delta Airlines,LAX,JFK,18,6,2014,24,female,Business/Work,Friend/Family,Own car,False,0
930,Delta Airlines,PDX,GDL,15,5,2013,88,female,Back Home,Home,Mobility as a service,False,0
931,Delta Airlines,SJC,JFK,11,10,2013,10,male,On vacation/Pleasure,Hotel,Airport cab,False,0
932,Aeromexico,JFK,LAX,15,1,2023,44,female,Business/Work,Friend/Family,Pickup,False,0
933,Delta Airlines,GDL,PDX,4,11,2022,70,male,On vacation/Pleasure,Hotel,Own car,False,0
934,Aeromexico,SJC,GDL,24,2,2014,54,male,Back Home,Home,Own car,False,0
935,Delta Airlines,PDX,LAX,26,3,2014,3,female,Business/Work,Home,None,True,579
936,Volaris,PDX,JFK,8,2,2021,7,undisclosed,On vacation/Pleasure,Short-term homestay,None,True,95
937,Volaris,GDL,JFK,26,7,2013,39,undisclosed,Business/Work,Hotel,None,True,709
938,Alaska,GDL,SJC,13,12,2019,88,male,On vacation/Pleasure,Short-term homestay,Own car,False,0
939,American Airlines,JFK,PDX,18,3,2017,77,female,On vacation/Pleasure,Hotel,Pickup,False,0
940,Volaris,JFK,SJC,12,2,2019,73,male,On vacation/Pleasure,Home,Own car,False,0
941,Volaris,LAX,JFK,30,3,2020,3,male,Business/Work,Home,None,True,628
942,Alaska,SJC,LAX,10,6,2017,90,undisclosed,On vacation/Pleasure,Hotel,None,True,341
943,Delta Airlines,GDL,SJC,28,12,2019,3,undisclosed,On vacation/Pleasure,Short-term homestay,None,True,84
944,Volaris,SJC,GDL,19,7,2013,51,male,Business/Work,Hotel,Own car,False,0
945,Delta Airlines,SJC,PDX,10,7,2019,15,female,Back Home,Home,Public Transportation,False,0
946,Aeromexico,PDX,LAX,5,9,2018,30,female,On vacation/Pleasure,Home,None,True,126
947,Volaris,SJC,LAX,22,1,2022,62,unspecified,Back Home,Home,Public Transportation,False,0
948,Alaska,PDX,SJC,22,2,2013,48,unspecified,On vacation/Pleasure,Home,Public Transportation,False,0
949,Delta Airlines,GDL,PDX,16,6,2022,85,unspecified,On vacation/Pleasure,Friend/Family,Pickup,False,0
950,Volaris,LAX,JFK,31,12,2016,85,undisclosed,Business/Work,Short-term homestay,None,True,451
951,Aeromexico,SJC,JFK,23,4,2018,34,unspecified,On vacation/Pleasure,Home,None,True,696
952,Aeromexico,PDX,SJC,3,12,2016,56,male,On vacation/Pleasure,Short-term homestay,Airport cab,False,0
953,American Airlines,GDL,LAX,1,10,2021,73,female,On vacation/Pleasure,Friend/Family,None,True,108
954,Aeromexico,PDX,JFK,15,9,2013,63,male,Business/Work,Home,None,True,254
955,American Airlines,LAX,GDL,9,2,2019,22,undisclosed,Back Home,Home,Pickup,False,0
956,Aeromexico,SJC,GDL,7,11,2017,76,unspecified,Business/Work,Hotel,Airport cab,False,0
957,Alaska,LAX,GDL,21,6,2019,89,unspecified,Business/Work,Friend/Family,None,True,174
958,American Airlines,PDX,JFK,20,7,2015,36,female,On vacation/Pleasure,Friend/Family,None,True,713
959,American Airlines,LAX,JFK,20,10,2022,41,male,Business/Work,Home,None,True,527
960,American Airlines,JFK,PDX,20,10,2020,66,male,Business/Work,Home,Pickup,False,0
961,Delta Airlines,LAX,JFK,13,1,2023,57,male,Business/Work,Hotel,Car rental,False,0
962,American Airlines,SJC,LAX,23,3,2022,23,female,On vacation/Pleasure,Hotel,None,True,547
963,Volaris,PDX,LAX,26,2,2017,21,unspecified,Back Home,Home,Own car,False,0
964,Volaris,SJC,LAX,13,8,2017,1,male,Business/Work,Friend/Family,None,True,508
965,Alaska,PDX,SJC,14,4,2016,85,undisclosed,On vacation/Pleasure,Short-term homestay,None,True,616
966,American Airlines,LAX,SJC,23,3,2014,84,unspecified,Back Home,Home,Airport cab,False,0
967,Volaris,JFK,SJC,30,4,2020,13,male,Business/Work,Friend/Family,None,True,669
968,Delta Airlines,PDX,LAX,8,4,2023,57,female,Back Home,Home,Public Transportation,False,0
969,Volaris,PDX,GDL,7,1,2017,37,female,Back Home,Home,Airport cab,False,0
970,Aeromexico,SJC,PDX,3,3,2018,57,male,Back Home,Home,Airport cab,False,0
971,Delta Airlines,PDX,LAX,30,5,2018,28,female,Back Home,Home,Car rental,False,0
972,Delta Airlines,JFK,PDX,4,10,2015,74,female,Business/Work,Short-term homestay,None,True,46
973,Delta Airlines,GDL,LAX,30,9,2019,71,unspecified,On vacation/Pleasure,Short-term homestay,Airport cab,False,0
974,American Airlines,PDX,JFK,1,8,2014,30,female,Business/Work,Home,None,True,158
975,Alaska,PDX,LAX,2,1,2015,42,undisclosed,Business/Work,Hotel,None,True,503
976,Volaris,LAX,PDX,19,7,2014,19,unspecified,Back Home,Home,Airport cab,False,0
977,Alaska,SJC,GDL,8,2,2020,8,female,Business/Work,Friend/Family,None,True,85
978,American Airlines,LAX,JFK,11,9,2013,76,female,On vacation/Pleasure,Home,Car rental,False,0
979,Alaska,PDX,JFK,16,9,2020,70,unspecified,On vacation/Pleasure,Friend/Family,Mobility as a service,False,0
980,Delta Airlines,JFK,GDL,5,10,2019,48,male,On vacation/Pleasure,Hotel,Car rental,False,0
981,Alaska,SJC,PDX,20,11,2018,83,female,Back Home,Home,Car rental,False,0
982,Volaris,SJC,GDL,25,4,2022,78,male,Back Home,Home,Public Transportation,False,0
983,Aeromexico,JFK,GDL,22,6,2019,26,male,On vacation/Pleasure,Short-term homestay,Pickup,False,0
984,Alaska,LAX,GDL,29,7,2015,50,unspecified,Business/Work,Friend/Family,Pickup,False,0
985,Aeromexico,LAX,PDX,12,2,2018,55,undisclosed,Back Home,Home,Airport cab,False,0
986,Alaska,JFK,SJC,8,6,2018,69,unspecified,On vacation/Pleasure,Friend/Family,Airport cab,False,0
987,Aeromexico,LAX,SJC,17,8,2017,30,undisclosed,Back Home,Home,Own car,False,0
988,Volaris,SJC,PDX,1,6,2017,15,male,Back Home,Home,Car rental,False,0
989,Aeromexico,JFK,LAX,5,2,2021,12,unspecified,Back Home,Home,Pickup,False,0
990,Alaska,PDX,LAX,10,2,2021,71,female,Back Home,Home,Mobility as a service,False,0
991,American Airlines,LAX,SJC,24,1,2020,32,undisclosed,Business/Work,Friend/Family,Airport cab,False,0
992,Alaska,LAX,PDX,16,8,2015,81,unspecified,On vacation/Pleasure,Hotel,Own car,False,0
993,Delta Airlines,JFK,GDL,24,10,2016,67,undisclosed,Back Home,Home,Car rental,False,0
994,American Airlines,JFK,GDL,7,2,2019,22,female,Business/Work,Short-term homestay,Airport cab,False,0
995,Volaris,PDX,SJC,6,9,2020,24,unspecified,Business/Work,Home,None,True,30
996,Delta Airlines,JFK,PDX,15,12,2022,38,undisclosed,On vacation/Pleasure,Short-term homestay,None,True,447
997,Volaris,LAX,GDL,1,4,2021,57,unspecified,On vacation/Pleasure,Short-term homestay,Public Transportation,False,0
998,Aeromexico,GDL,JFK,26,8,2018,37,unspecified,On vacation/Pleasure,Home,Public Transportation,False,0
999,Volaris,JFK,PDX,17,8,2015,23,undisclosed,On vacation/Pleasure,Hotel,None,True,691
